Year,"Blacktip Shark|Blacktip shark","Dusky Shark|Dusky shark","Sandbar Shark|Sandbar shark","Large Coastal Sharks|Large coastal sharks","Large Oceanic Sharks|Large oceanic sharks","Atlantic Sharpnose Shark|Atlantic sharpnose shark","Small Coastal Sharks|Small coastal sharks","Yellowfin Tuna|Yellowfin tuna","Bluefin Tuna|Bluefin tuna","Other Tunas|Other tunas",Billfish|Billfish,Swordfish|Swordfish,"Pelagic Coastal Piscivores|Pelagic coastal piscivores",Amberjack|Amberjack,Cobia|Cobia,"King Mackerel (0-1)|King mackerel (0-1yr)","King Mackerel (1+)|King mackerel (1+yr)","Spanish Mackerel (0-1)|Spanish mackerel (0-1yr)","Spanish Mackerel (1+)|Spanish mackerel (1+yr)",Skates-rays|Skates-rays,"Gag grouper (0-3yr)|Gag grouper (0-3yr)","Gag grouper (3+yr)|Gag grouper (3+yr)","Red grouper (0-3yr)|Red grouper (0-3yr)","Red grouper (3+yr)|Red grouper (3+yr)","Yellowedge grouper (0-3yr)|Yellowedge grouper (0-3yr)","Yellowedge grouper (3+yr)|Yellowedge grouper (3+yr)","Goliath grouper|Goliath grouper","Deep-water grouper|Deep-water grouper","Shallow-water grouper|Shallow-water grouper","Red snapper (0yr)|Red snapper (0yr)","Red snapper (1-2yr)|Red snapper (1-2yr)","Red snapper (3+yr)|Red snapper (3+yr)","Vermilion snapper|Vermilion snapper","Mutton snapper|Mutton snapper","Other snapper|Other snapper","Inshore coastal piscivores|Inshore coastal piscivores","Sea trout|Sea trout","Oceanic piscivores|Oceanic piscivores","Benthic piscivores|Benthic piscivores","Reef piscivores|Reef piscivores","Reef invertebrate feeders|Reef invertebrate feeders","Demersal coastal invertebrate feeders|Demersal coastal invertebrate feeders","Red drum|Red drum","Benthic coastal invertebrate feeders|Benthic coastal invertebrate feeders",Tilefish|Tilefish,"Gray triggerfish|Gray triggerfish","Coastal omnivores|Coastal omnivores","Reef omnivores|Reef omnivores","Surface pelagics|Surface pelagics",Sardine-herring-scad|Sardine-herring-scad,"Menhaden (0yr)|Menhaden (0yr)","Menhaden (1yr)|Menhaden (1yr)","Menhaden (2yr)|Menhaden (2yr)","Menhaden (3yr)|Menhaden (3yr)","Menhaden (4yr)|Menhaden (4yr)",Anchovy-silverside-killifish|Anchovy-silverside-killifish,Mullet|Mullet,Butterfish|Butterfish,Cephalopod|Cephalopod,"Pink shrimp|Pink shrimp","Brown shrimp|Brown shrimp","White shrimp|White shrimp",Crab|Crab,"Sessile epifauna|Sessile epifauna","Mobile epifauna|Mobile epifauna",Zooplankton|Zooplankton
1,0.0005808799,0.0001127403,0.0001212928,0.001029014,1.480274E-06,0.003656295,0.0002452708,0.003805936,2.934292E-05,0.003212595,0.0007575117,0.005842772,0.005676733,0.004321321,0.001623592,0,0.00166638,1.281498E-05,0.0002027565,6.985623E-05,0.000195001,0.001473183,0,0.001703025,2.137941E-09,0.0004622122,5.260184E-05,0.0005305193,0.001768398,0.0002013952,0.0005795689,0.003120775,0.005788462,0.0008146553,0.002871745,0.006632674,0.01927777,0.0005232704,0.00223122,0.0004368232,0.006708741,0.01623234,0.003318958,0.01704195,6.114892E-05,0.006495558,0.01040969,0.0001247327,0.0004398031,0.0005719981,0.0001393439,0.01599158,0.007782815,0.0006763942,7.309275E-05,3.244725E-07,0.02003882,0.003951779,0.0005046802,0.01480314,0.1171947,0.05727513,0.08381907,0.02702097,0.03074847,0.002642496
2,0.0005743048,0.0001298287,0.0003972947,0.001030905,2.237811E-06,0.004297534,0.0002457657,0.004039308,3.440838E-05,0.003682264,0.0007653214,0.005992707,0.005446122,0.003318526,0.001529855,0,0.00100206,1.050025E-05,0.0002035219,7.07475E-05,0.0001980302,0.001465051,0,0.001726515,2.108511E-09,0.001122213,8.256514E-05,0.0005235964,0.001764636,0.00019715,0.000516124,0.003053226,0.006592377,0.0007696734,0.002867479,0.006471546,0.01894366,0.0005337624,0.002242223,0.0004378923,0.00668822,0.01645957,0.00320734,0.01728495,0.0003138421,0.01127283,0.01039748,0.0001250912,0.0004381273,0.0005706359,5.58826E-05,0.007624665,0.005874159,0.0003593371,4.516336E-05,3.252633E-07,0.01972929,0.003885224,0.0005047534,0.01481691,0.1177121,0.05296052,0.08537981,0.02702438,0.030759,0.002641289
3,0.0005274115,0.0001472915,0.0003238012,0.001032995,2.516158E-06,0.003961086,0.0002463711,0.004279728,4.032922E-05,0.004199946,0.0007803267,0.006136275,0.005255268,0.006508928,0.002176455,0,0.001095404,4.886E-06,0.0001519171,7.147139E-05,0.0002011236,0.001786145,0,0.001734297,2.101072E-09,0.001376996,3.522581E-05,0.0005174982,0.001763918,0.0001946004,0.0004574358,0.002637627,0.009635183,0.000787819,0.00286588,0.006338533,0.01866867,0.0005427583,0.002249331,0.0004404164,0.006697232,0.0166401,0.003113725,0.01745556,0.0003398773,0.009978634,0.01042271,0.0001254774,0.000442012,0.000571099,9.902159E-06,0.001972977,0.002987935,0.0004084549,3.133121E-05,3.283248E-07,0.01949012,0.00387822,0.0005043973,0.01495092,0.1155164,0.05629274,0.0836555,0.02702102,0.03082966,0.002645023
4,0.0003281529,0.0001757887,0.0004713713,0.001035343,2.781083E-06,0.003771173,0.0002478092,0.004509848,4.726042E-05,0.004764573,0.0008031712,0.006275283,0.005107109,0.004050053,0.001821605,0,0.0008308782,7.383207E-06,0.0001180688,7.231078E-05,0.0002034986,0.001769524,0,0.001752844,2.061978E-09,0.0009214678,2.546092E-05,0.0005124485,0.001765532,0.00019389,0.0004772182,0.003510813,0.007744132,0.0008751643,0.002866728,0.006227271,0.0184467,0.0005504981,0.002259259,0.0004425327,0.006689752,0.01677222,0.003034745,0.01751409,0.0002618779,0.006585527,0.01045146,0.0001251368,0.0004432612,0.0005689641,4.078335E-06,0.002315831,0.005747308,0.001207006,9.73549E-05,3.294944E-07,0.01928361,0.003836025,0.000503977,0.01481981,0.1182926,0.06281491,0.08410699,0.02701509,0.03084563,0.002642778
5,0.0004126322,0.0002136541,0.0002892841,0.001037924,3.184007E-06,0.003816978,0.000249498,0.004737118,5.536919E-05,0.00538398,0.0008337217,0.006408267,0.004985294,0.00391639,0.001949497,0,0.0007373304,6.416814E-06,6.851856E-05,7.310349E-05,0.0002033374,0.001248306,0,0.001678015,1.921556E-09,0.0006873675,4.818325E-05,0.0005078349,0.001768307,0.0001863566,0.0002549871,0.003190063,0.0144655,0.0008234663,0.002870419,0.006141249,0.01829129,0.0005572449,0.002269241,0.0004450779,0.006697244,0.01688808,0.002968669,0.01766501,0.0003154125,0.003715638,0.01047659,0.0001256353,0.000445086,0.0005718782,2.70459E-05,0.004203264,0.004385435,0.002300521,0.0003303854,3.310923E-07,0.01912537,0.003823153,0.0005048286,0.01489811,0.120006,0.03962439,0.09084707,0.02700935,0.03085527,0.002646542
6,0.0005435735,0.0002557618,0.0002394245,0.001041168,6.480819E-06,0.004240127,0.000251155,0.00496094,6.485858E-05,0.006061311,0.0008720893,0.00653645,0.00489041,0.005719779,0.002081332,0,0.0008976479,9.946617E-06,9.160884E-05,7.375712E-05,0.0002018129,0.001856368,0,0.001656204,1.804515E-09,0.0005029773,5.043956E-05,0.0005044267,0.001770683,0.0001803469,0.0001262285,0.003399054,0.01531284,0.0003317475,0.002876321,0.006074124,0.01817247,0.0005632198,0.002279047,0.000447327,0.006703205,0.01697009,0.002916242,0.01777626,0.0002888702,0.004121061,0.01048172,0.0001259846,0.000442959,0.0005744511,0.0001230412,0.01224571,0.005904678,0.0008488491,0.0004328957,3.309947E-07,0.01898577,0.003806044,0.0005053217,0.0150258,0.1081313,0.06620466,0.07825404,0.0269993,0.03079312,0.002638423
7,0.0009029051,0.0003140836,0.000298997,0.001044679,8.659417E-06,0.004808595,0.0002533603,0.005188468,7.594869E-05,0.006797621,0.000918557,0.006660031,0.00480395,0.007719316,0.002279794,0,0.0007774853,5.110869E-06,0.0001773687,7.450714E-05,0.0002039565,0.001637132,0,0.001753273,1.759603E-09,0.0003588315,2.817462E-05,0.0005016364,0.001774524,0.0001754442,0.0001035384,0.003321609,0.01587693,0.0007377754,0.002880947,0.006020032,0.01807331,0.0005684837,0.002286142,0.0004489616,0.006693511,0.01701964,0.002867954,0.01779624,0.0003466176,0.007430193,0.01048032,0.0001253081,0.0004390319,0.0005731552,2.567138E-05,0.005845847,0.005127827,0.0004020256,0.0001149827,3.304633E-07,0.01884646,0.003714893,0.0005043689,0.01449281,0.1245483,0.0932631,0.08508909,0.02699444,0.0307853,0.002636907
8,0.0005784325,0.0003705853,0.0002198125,0.001048403,8.827284E-06,0.005587033,0.0002553487,0.00543955,8.893193E-05,0.007611815,0.0009745993,0.006782549,0.004744125,0.007554946,0.001858865,0,0.0006103217,8.456963E-06,0.0001515095,7.554573E-05,0.0002045602,0.001361409,0,0.001475891,1.743235E-09,0.0003235751,2.768313E-05,0.0004994574,0.001778764,0.0001716646,9.13676E-05,0.003244545,0.01474067,0.00102934,0.002886841,0.005968343,0.01798235,0.0005728753,0.002308337,0.0004530778,0.006720167,0.01705815,0.002819005,0.0177544,0.0005231944,0.005431203,0.01051756,0.0001255037,0.0004398289,0.0005768689,1.105705E-05,0.005651906,0.01234022,0.00182713,0.0001329272,3.321534E-07,0.01874844,0.003755934,0.0005035891,0.01463814,0.1285657,0.09821021,0.1177066,0.0269946,0.03082909,0.002632987
9,0.0008216593,0.0004259062,0.0003051543,0.001051938,7.849535E-06,0.003981315,0.0002541548,0.00567357,0.0001041055,0.008489032,0.00104084,0.006903853,0.00468513,0.005357909,0.00217177,0,0.0005380524,5.131439E-06,9.805095E-05,7.670152E-05,0.0001991142,0.001504856,0,0.001644651,1.746826E-09,0.0003986623,1.843469E-05,0.0004972578,0.001774917,0.000170771,0.0001735169,0.003652334,0.01445765,0.0008456229,0.002878896,0.005903352,0.01785213,0.0005769113,0.002337141,0.0004565051,0.006723689,0.01709013,0.002764544,0.01780228,0.000697787,0.0118543,0.01054685,0.000125537,0.000438393,0.0005820332,1.239721E-05,0.002996583,0.006750656,0.002233113,0.0002070567,3.330117E-07,0.01868431,0.003738272,0.0005044697,0.01185636,0.1163704,0.08566517,0.1053872,0.02699804,0.03090578,0.00264447
10,0.0007427986,0.0004613639,0.0002651656,0.001056139,6.053032E-06,0.004782354,0.0002523174,0.005916488,0.0001218548,0.009450855,0.001118234,0.007025236,0.004649868,0.005328249,0.002074482,0,0.001206485,8.969413E-06,0.0001416535,7.799463E-05,0.0002012137,0.001472485,0,0.002157043,1.761999E-09,0.0002043416,1.317832E-05,0.0004957354,0.001770454,0.00016616,0.0001191962,0.003220049,0.01052261,0.000771434,0.002875707,0.005857111,0.01775747,0.0005805139,0.002377064,0.0004607358,0.00675632,0.01712166,0.002718618,0.01788739,0.0003418303,0.01154026,0.01057669,0.0001259367,0.0004410703,0.0005943699,5.524953E-05,0.01017259,0.008278416,0.002766969,0.0008228993,3.34738E-07,0.01865262,0.003780139,0.0005059236,0.01276419,0.1043807,0.07615782,0.07343555,0.02699066,0.03094204,0.002642876
11,0.0007554514,0.0004774434,0.0002923827,0.001061238,7.322356E-06,0.004394292,0.0002526047,0.006160809,0.0001426025,0.01048694,0.001207835,0.007146364,0.004621507,0.002481487,0.001327534,0,0.0006400475,7.619636E-06,0.0001227344,7.943212E-05,0.00020393,0.001543693,0,0.001255027,1.746584E-09,0.0002282243,7.229313E-06,0.0004943658,0.001770688,0.0001660302,8.137704E-05,0.002617506,0.01285829,0.0006330537,0.002881154,0.005820021,0.01771185,0.0005838264,0.002418387,0.0004645273,0.006756039,0.01712963,0.00268646,0.01789998,0.0002759158,0.01250737,0.01058133,0.000125249,0.0004400691,0.0005988831,6.117534E-05,0.007276016,0.006796436,0.0008353919,0.000426572,3.338903E-07,0.01859901,0.003680791,0.0005052377,0.01186014,0.07850502,0.0721733,0.07541897,0.02698277,0.0308719,0.002629405
12,0.0007895191,0.0004866456,0.0002508533,0.001067339,7.858129E-06,0.004371714,0.0002542158,0.006447998,0.0001668591,0.01162979,0.00131159,0.00726861,0.00460606,0.004853387,0.001478275,0,0.0009062377,9.913714E-06,0.0001499357,8.047641E-05,0.0002039462,0.001629236,0,0.00149083,1.719468E-09,0.0002113483,1.728603E-05,0.0004932323,0.001776617,0.0001754789,0.0001251483,0.002753489,0.01173782,0.0008958747,0.002894389,0.005795449,0.01768739,0.0005865058,0.002447964,0.0004715552,0.006790183,0.01714027,0.00266288,0.01785397,0.0001839788,0.008357443,0.01061426,0.0001253324,0.0004473023,0.0006049588,2.583538E-05,0.008316657,0.009361471,0.0009239006,0.0002014239,3.35698E-07,0.01856073,0.003735585,0.000503259,0.01076713,0.08247188,0.07655624,0.09426543,0.0269836,0.03088001,0.002627254
13,0.0006108238,0.0004926066,0.0002378166,0.001074762,1.112524E-05,0.003224612,0.0002552285,0.006720746,0.0001951884,0.01285223,0.001431755,0.0073935,0.004604499,0.003664713,0.001808787,0,0.0007246273,6.060946E-06,0.0001126587,8.14372E-05,0.0002042488,0.001534379,0,0.001512713,1.717884E-09,0.0002657433,1.260315E-05,0.0004931464,0.001781454,0.0001836362,0.000115094,0.003570654,0.01232613,0.001078146,0.002902945,0.005782433,0.017654,0.0005889384,0.002475317,0.0004774022,0.006790038,0.01715147,0.002642106,0.01782179,0.0002007136,0.007346402,0.01063167,0.0001247862,0.0004490411,0.0006065519,1.192639E-05,0.006724984,0.0168215,0.002255323,0.0002246839,3.346117E-07,0.01851366,0.003722674,0.0005031451,0.009317787,0.1046389,0.08254325,0.1016466,0.02698895,0.03087042,0.002634428
14,0.0005803712,0.0005136814,0.0002127125,0.001083863,1.443647E-05,0.003030071,0.0002556041,0.007020513,0.0002261844,0.0142796,0.001557779,0.007548077,0.004700267,0.003786949,0.001839877,0,0.001077206,9.639942E-06,0.0001381309,8.367974E-05,0.0002091433,0.001882148,0,0.001591364,1.689426E-09,0.0002073252,2.51439E-05,0.0004929657,0.001792414,0.0001825205,0.0001822252,0.003844935,0.0103866,0.0008137297,0.002958718,0.005672291,0.01797951,0.0005943298,0.002501978,0.0004715293,0.006822211,0.01746709,0.002585386,0.01808018,0.0002729956,0.007317339,0.01054042,0.0001292973,0.0004468851,0.0006262615,5.609405E-05,0.01367435,0.01336526,0.005378271,0.0006992312,3.446065E-07,0.0190001,0.003729762,0.0005146958,0.01425083,0.1219019,0.07602502,0.09606364,0.02736841,0.03110611,0.002715329
15,0.000532344,0.0005450947,0.0002458013,0.001096702,1.488099E-05,0.003434756,0.00025807,0.007300467,0.000266831,0.01573125,0.00168941,0.007634002,0.00488631,0.003328737,0.001610339,0,0.001075438,1.235184E-05,0.00021051,8.455668E-05,0.0001968488,0.001639666,0,0.001414748,1.661883E-09,0.0002522464,3.24253E-05,0.0004948822,0.001733542,0.0001737941,7.042716E-05,0.003372857,0.00918215,0.0005969914,0.002888896,0.005516696,0.01824209,0.0006007951,0.002559668,0.0004536883,0.006718571,0.01724259,0.002586213,0.01838023,0.0003564598,0.007312376,0.01002015,0.0001283521,0.0004351582,0.0006503142,8.618713E-05,0.01332269,0.01307568,0.002207708,0.0009873569,3.457804E-07,0.0189308,0.0037079,0.0005395195,0.01336844,0.1159218,0.09846763,0.09527455,0.02847946,0.03057978,0.002689733
16,0.0004878032,0.000577882,0.00022737,0.001107966,2.043511E-05,0.003026963,0.000257928,0.007624207,0.0003124382,0.01724422,0.001858303,0.007801441,0.004773117,0.002731046,0.001317392,0,0.0007570011,1.056955E-05,0.0001415754,8.454557E-05,0.0002052137,0.001808546,0,0.001458885,1.719343E-09,0.0001959478,3.047522E-05,0.0004972459,0.001752364,0.0001870035,4.576742E-05,0.003264723,0.008931713,0.0006362651,0.00291459,0.005524884,0.01825699,0.0005988127,0.002526695,0.0004687011,0.007131925,0.01741225,0.002573148,0.01820979,0.0003760337,0.00760447,0.01028155,0.0001286127,0.0004497991,0.0006526755,4.572882E-05,0.006401598,0.004737684,0.0009805559,0.0002501921,3.534328E-07,0.01909426,0.00375174,0.0005280933,0.01671959,0.118733,0.07578336,0.1100204,0.02842398,0.02948776,0.002681716
17,0.0005842519,0.0006120945,0.0002319572,0.001123337,2.510328E-05,0.0030137,0.0002572727,0.007958849,0.0003660836,0.01886861,0.002048677,0.007928418,0.004799309,0.003609212,0.001708874,0,0.0005880087,1.225028E-05,0.0001258921,8.362715E-05,0.0001851955,0.001375738,0,0.001346669,1.548228E-09,0.0001309721,1.180141E-05,0.0004960897,0.001708969,0.0001787321,3.365719E-05,0.003409085,0.006479433,0.000553669,0.002809207,0.005615125,0.01797141,0.0005988654,0.002535056,0.000454626,0.006701156,0.01744701,0.002547303,0.01803591,0.0001900864,0.005018061,0.01007008,0.0001212451,0.0004402165,0.0006554166,1.998693E-05,0.006680961,0.01622476,0.001566916,0.0002814741,3.477363E-07,0.01850736,0.003719426,0.000530781,0.01769574,0.1061673,0.06446534,0.09404898,0.02895132,0.029469,0.002622356
18,0.0004980782,0.0006476084,0.0001806699,0.001136005,2.005211E-05,0.003273381,0.0002529596,0.008299395,0.0004262051,0.02072302,0.002268283,0.00810097,0.00480776,0.003067512,0.001911764,0,0.0005993186,1.003259E-05,0.0001182863,8.34249E-05,0.0001869602,0.001472675,0,0.001505468,1.605099E-09,0.0001669166,3.756374E-05,0.0004952031,0.001695631,0.0001868767,5.981831E-05,0.00372678,0.00787695,0.0004482837,0.002733712,0.005626624,0.01823446,0.0006051593,0.002534352,0.000453748,0.006741974,0.01765892,0.002550126,0.01829211,0.0002780799,0.005348689,0.00982711,0.0001182023,0.0004271835,0.0006662588,4.023729E-05,0.006478272,0.02032641,0.005108251,0.0004655654,3.559357E-07,0.01861006,0.003631613,0.0005114255,0.01520211,0.1172558,0.07859572,0.07487068,0.02928326,0.03005218,0.002659036
19,0.0005489031,0.0006598704,0.0001754985,0.001150289,2.09215E-05,0.003618294,0.0002510564,0.008639215,0.0004927568,0.02261887,0.00246745,0.008185112,0.004721689,0.002805705,0.001382905,0,0.0008109452,1.573084E-05,0.0001438397,8.393157E-05,0.0001837456,0.001718911,0,0.001352022,1.51463E-09,0.0001555899,4.315413E-05,0.0004950409,0.001686668,0.000163251,3.426969E-05,0.003209194,0.006263422,0.000511548,0.002677902,0.00560147,0.01833319,0.0006046632,0.002571507,0.0004362657,0.006279704,0.01777193,0.002458879,0.0185456,0.0002479718,0.005733857,0.009564933,0.0001164078,0.0004180323,0.0006506028,0.0001021015,0.008356395,0.01239686,0.003164593,0.0008898483,3.560393E-07,0.01823473,0.003555547,0.0005158323,0.01683473,0.1276233,0.0886404,0.08141936,0.02876873,0.03033957,0.002644647
20,0.0002986701,0.0006422398,0.0001679784,0.001164009,1.718561E-05,0.003534678,0.0002478918,0.009034847,0.0005783677,0.02472846,0.002714146,0.008304276,0.004501681,0.002891972,0.001786068,0,0.0004330709,8.453923E-06,0.0001039994,8.381862E-05,0.0002017411,0.001405818,0,0.001992734,1.599394E-09,0.0002155583,3.409314E-05,0.0004941687,0.001797989,0.0002055365,3.507032E-05,0.003143533,0.007854384,0.000525233,0.002866111,0.005448734,0.01841056,0.0006041217,0.002455502,0.0004518832,0.00650377,0.01804946,0.00244338,0.01824192,0.0002877039,0.005842155,0.01015464,0.0001267431,0.0004293001,0.0006355102,4.35696E-05,0.004568556,0.006360313,0.001139613,0.0003801619,3.406925E-07,0.01905076,0.003448214,0.0005184533,0.01390545,0.1089405,0.09603604,0.09323758,0.02835178,0.03181519,0.002716892
21,0.0005074898,0.0005760275,9.993351E-05,0.001180133,1.490585E-05,0.003207339,0.0002446772,0.009433154,0.0006760833,0.02678764,0.00301785,0.008444936,0.004658678,0.00324195,0.001732915,0,0.000437674,1.380253E-05,0.0001573949,8.176776E-05,0.0001953858,0.001667732,0,0.001865428,1.482207E-09,0.0002326661,9.987614E-05,0.0004843867,0.001776536,0.0001910999,1.527663E-05,0.003374413,0.0056764,0.0004170922,0.002863427,0.00568994,0.01812826,0.0006043734,0.002436447,0.0004707025,0.007010942,0.017497,0.002524155,0.0177099,0.0003188361,0.005153704,0.01046347,0.0001251123,0.0004414186,0.000647734,2.398312E-05,0.004373833,0.01099467,0.001144918,0.0002292571,3.545403E-07,0.01914713,0.003396608,0.0004834872,0.01256438,0.1125935,0.09912004,0.08351845,0.02702697,0.03121243,0.002540392
22,0.0003050053,0.0004952257,0.0001383894,0.001195188,1.571114E-05,0.002892775,0.00023957,0.009858924,0.0007932906,0.02918945,0.003385195,0.008646689,0.004796019,0.003158605,0.001827548,0,0.0003609806,7.055732E-06,0.0002006636,8.066512E-05,0.000174166,0.001679468,0,0.001559521,1.458182E-09,0.0001663583,8.134397E-05,0.0004773937,0.00167836,0.0001841549,2.030483E-05,0.003454478,0.007498348,0.0003837732,0.002709676,0.005514684,0.01674703,0.0006097983,0.00237809,0.0004689635,0.006902058,0.01632208,0.002507049,0.0172217,0.0002919766,0.006107182,0.01000159,0.0001159094,0.0004239291,0.0006430821,2.292508E-05,0.002479381,0.01065024,0.002258509,0.0001825693,3.397747E-07,0.01761988,0.0032683,0.000460728,0.01302089,0.097541,0.078206,0.05895794,0.02635362,0.02833614,0.00258667
23,0.000314904,0.0004008109,0.000132857,0.001209267,1.79966E-05,0.002859848,0.0002341846,0.01027653,0.000925442,0.03160583,0.003771581,0.008860844,0.004744364,0.003885365,0.001585427,0,0.0006101681,9.401326E-06,0.0001766453,8.048648E-05,0.0001748132,0.001527864,0,0.001545224,1.485302E-09,0.0001762419,7.161767E-05,0.0004729434,0.001650573,0.0001718642,2.566873E-05,0.003538669,0.006705333,0.0005212235,0.002739331,0.005570758,0.01644437,0.000609987,0.002350026,0.0004767525,0.007029887,0.01610794,0.002506155,0.01719424,0.0002886957,0.007669819,0.01007118,0.0001196054,0.0004286986,0.0006470332,6.58627E-05,0.007986578,0.01245677,0.004082657,0.0007050322,3.516769E-07,0.01792185,0.003474676,0.0004968785,0.01568742,0.1137994,0.09673204,0.06816515,0.02757262,0.02939378,0.002703282
24,0.0003262576,0.0003236596,0.0001264787,0.001227187,1.990513E-05,0.002996025,0.0002312802,0.01076439,0.001067907,0.03448361,0.004139066,0.009060491,0.004785853,0.004631274,0.00221611,0,0.0003081385,7.364757E-06,0.0001208735,7.991632E-05,0.0001587627,0.001381531,0,0.00138161,1.376383E-09,0.0002347345,0.0001130702,0.0004663371,0.001577851,0.0001703989,1.70677E-05,0.00317192,0.006404595,0.0005631669,0.002629869,0.005324199,0.01577348,0.0005917844,0.002323363,0.0004627993,0.00663596,0.01521301,0.002355355,0.01669903,0.0002157576,0.008353014,0.009780749,0.0001137043,0.0004223031,0.0006331776,4.079663E-05,0.003745125,0.009067989,0.001355616,0.0005439143,3.325264E-07,0.01719758,0.003592491,0.0005290065,0.01078475,0.1039198,0.1047662,0.06320827,0.02659229,0.02914452,0.00267728
25,0.0003083003,0.0002620109,0.0001180767,0.001245723,1.855934E-05,0.002526927,0.0002281908,0.01126095,0.001236533,0.03720075,0.004505104,0.009213149,0.004529451,0.004184352,0.001920399,0,0.0002390775,1.071642E-05,0.0001510655,7.978682E-05,0.0001600164,0.001617095,0,0.001877095,1.438834E-09,0.0001889923,8.496544E-05,0.0004654532,0.001524428,0.0001733966,2.030104E-05,0.003487282,0.005603028,0.0004683713,0.002551661,0.005230312,0.01599517,0.0005838054,0.00234254,0.000454486,0.00645981,0.01521031,0.002354818,0.01682577,0.0002504839,0.008420516,0.009606509,0.0001095701,0.0004262805,0.0006462869,2.341407E-05,0.004132056,0.005772715,0.001192039,0.0002425885,3.322607E-07,0.01702894,0.003665493,0.0005264407,0.01061077,0.08678991,0.08838001,0.05698565,0.02715532,0.03013725,0.002629351
26,0.0002877633,0.0002258335,0.0001196432,0.001266318,1.737392E-05,0.001873934,0.0002264915,0.01175857,0.001436366,0.04025995,0.004952558,0.009401524,0.004478474,0.003594237,0.00165268,0,0.0001872007,6.523807E-06,6.193226E-05,8.025672E-05,0.0001712097,0.001356559,0,0.001613909,1.410964E-09,0.0001635118,0.0001036357,0.0004704145,0.001597355,0.0001687305,1.608697E-05,0.002965918,0.005370495,0.0004505536,0.002670513,0.005278027,0.01614953,0.0005850243,0.002369071,0.0004524238,0.006448576,0.01570472,0.002377256,0.01690429,0.0002926205,0.005966783,0.009812088,0.0001184946,0.0004339159,0.0006400665,1.48277E-05,0.002371617,0.01156408,0.001266521,0.0002423813,3.313995E-07,0.01750688,0.003686948,0.0005210605,0.01054057,0.1028546,0.06485659,0.0530103,0.02720759,0.03169904,0.002699102
27,0.0002894865,0.0002040733,0.0001483889,0.001292233,1.659834E-05,0.001996913,0.0002281811,0.01227104,0.001656177,0.0433291,0.005379742,0.009574655,0.004484648,0.003031865,0.001935367,0,0.0003854424,1.026713E-05,9.304396E-05,7.86479E-05,0.0001737803,0.001650119,0,0.002081589,1.351542E-09,0.0001593405,9.742945E-05,0.0004717106,0.001570145,0.0001795382,1.669428E-05,0.003091298,0.005537903,0.0006465781,0.002666038,0.005513754,0.0157682,0.0005811715,0.002362052,0.0004524174,0.006553356,0.0153176,0.002377645,0.01660737,0.0001840684,0.004771001,0.009993408,0.0001177054,0.000444479,0.0006368931,8.842618E-05,0.007332612,0.01079445,0.003954513,0.000410057,3.201852E-07,0.01714471,0.003578361,0.000494124,0.007124392,0.1141715,0.05617956,0.07379877,0.02537499,0.02965123,0.002511671
28,0.0002161507,0.0002026864,0.00010614,0.001316696,1.83739E-05,0.002122135,0.0002276445,0.01281897,0.001914621,0.04676576,0.005884696,0.009784543,0.004461346,0.002787186,0.002204549,0,0.0003014632,1.28359E-05,0.0001100853,7.750965E-05,0.0001693202,0.001632007,0,0.001707189,1.323924E-09,0.000174331,9.403308E-05,0.000477073,0.001551523,0.0001843008,1.399756E-05,0.002916822,0.006008288,0.0007056353,0.002560062,0.005387637,0.01521745,0.0005842455,0.002391015,0.0004438569,0.006322052,0.01473193,0.002339307,0.0163865,0.0002157707,0.005485254,0.009818518,0.0001113769,0.000429507,0.0006173425,0.0001017477,0.006447039,0.0153401,0.00159152,0.0006233206,2.969873E-07,0.01619929,0.003446218,0.0004621993,0.00343804,0.06599034,0.0459417,0.0734176,0.02463987,0.0285008,0.002592998
29,0.0001461945,0.0002145389,7.538498E-05,0.001342915,1.702479E-05,0.001944368,0.0002264104,0.013412,0.002229334,0.05041162,0.006413123,0.01002214,0.0046108,0.003450366,0.001685421,0,0.0001837609,9.402486E-06,0.0001080112,7.703596E-05,0.0001721832,0.001764069,0,0.002009237,1.425946E-09,0.0001614278,5.868507E-05,0.0004842349,0.001583472,0.0002024993,1.064006E-05,0.001805439,0.005918936,0.0006206825,0.002563324,0.005456393,0.01526391,0.0005862461,0.002362777,0.0004446702,0.006504149,0.01495861,0.002313513,0.01651506,0.0002619382,0.005067323,0.009953604,0.0001123867,0.0004352187,0.0006174222,3.228147E-05,0.001472286,0.003603312,0.0008029088,0.0001151846,3.020461E-07,0.0162994,0.003539899,0.0004757027,0.003789332,0.08916952,0.03491671,0.07052581,0.02572476,0.03003103,0.002664231
30,0.0001824536,0.0002361845,9.553511E-05,0.001372858,2.113991E-05,0.002771823,0.0002263289,0.01394519,0.002560993,0.05384128,0.006941315,0.01021522,0.005006205,0.003760076,0.001435198,0,0.0001751164,1.34674E-05,0.0001229889,7.755002E-05,0.0001641026,0.0009713576,0,0.001533476,1.335076E-09,0.0001643786,3.277142E-05,0.0004805398,0.001590864,0.0001951946,9.960971E-06,0.001940669,0.006685613,0.0003673735,0.002541867,0.005782964,0.01617759,0.0005863035,0.00231819,0.0004414107,0.006864759,0.01610755,0.00243294,0.01748815,0.000316248,0.004253569,0.01005317,0.0001098853,0.0004400042,0.0006484107,1.702411E-05,0.003101288,0.01139442,0.001835717,0.0003069173,3.550097E-07,0.01804953,0.003489269,0.0004789371,0.002985649,0.08858923,0.044144,0.0832327,0.02680989,0.03248828,0.002598253
31,0.0002551341,0.0002758799,0.0001118147,0.001409698,2.359407E-05,0.002544351,0.0002263156,0.01462145,0.002940494,0.05839019,0.007486891,0.01043549,0.004589472,0.003436862,0.001850373,0,0.0001970491,8.685419E-06,9.888331E-05,8.025928E-05,0.0001512692,0.0007951374,0,0.001350701,1.162209E-09,0.0001506216,2.043601E-05,0.0004797364,0.001599675,0.0002021071,4.286991E-06,0.001468092,0.004639803,0.0003341649,0.002472186,0.005273697,0.01540107,0.0005871105,0.002345517,0.0004130967,0.005924068,0.01647821,0.002366516,0.01758516,0.0002515986,0.004415124,0.009447231,0.0001089137,0.0004133554,0.0005910049,6.035733E-05,0.0056971,0.0123246,0.003799981,0.000583518,3.173012E-07,0.01695371,0.003287755,0.0005044288,0.003423486,0.06079418,0.03810151,0.06247817,0.02580588,0.03059744,0.002632449
32,0.0001774447,0.0003192009,8.810824E-05,0.001450438,2.107536E-05,0.002356453,0.0002247291,0.01524107,0.003375069,0.06253783,0.007983993,0.01062202,0.004495942,0.002831003,0.002160469,0,0.0003902291,1.557339E-05,0.0001423066,7.787166E-05,0.0001419217,0.0004703192,0,0.002046159,1.159939E-09,0.0001285112,2.116226E-05,0.0004846914,0.001487827,0.0002370639,4.230403E-06,0.002209831,0.006336664,0.000255042,0.002244684,0.005202128,0.01494644,0.0005907589,0.002289311,0.000399976,0.005734602,0.01585868,0.002337155,0.01755086,0.0002678426,0.00686357,0.009239179,0.0001004198,0.0004032455,0.000602118,8.219122E-05,0.009853204,0.0176474,0.002581832,0.0009583918,2.987094E-07,0.01567315,0.003232025,0.0005120427,0.002626288,0.0889106,0.02753126,0.06894797,0.02607149,0.029388,0.002534366
33,0.000267322,0.0003690032,0.000105418,0.001488565,2.67327E-05,0.002401963,0.0002188891,0.01581045,0.003915329,0.06662184,0.008647326,0.01086674,0.004445274,0.003108256,0.001868124,0,0.0002489457,7.794227E-06,9.712941E-05,7.511928E-05,0.0001758259,0.0007072105,0,0.002754389,1.284642E-09,0.0001325871,1.678894E-05,0.0004838099,0.001529852,0.0002550247,4.913848E-06,0.002525,0.00453423,0.0004088545,0.002217397,0.005149365,0.0152333,0.0005887286,0.002173931,0.0004082138,0.006224633,0.01641623,0.002384617,0.01786437,0.0002662664,0.004457978,0.009588753,9.941401E-05,0.0004214478,0.0006206255,3.317225E-05,0.001505247,0.005667233,0.0009359922,0.0002233294,3.183955E-07,0.01680428,0.002812055,0.0004817297,0.00279797,0.0736573,0.05112378,0.06846798,0.02595081,0.03099221,0.002619063
34,0.0002854682,0.0004311662,0.0001080305,0.001530053,2.421107E-05,0.002532311,0.0002137202,0.01644816,0.004535334,0.07114065,0.009468612,0.01121705,0.004542591,0.003603329,0.002093132,0,0.0001684703,1.573083E-05,0.000141792,7.363702E-05,0.0002030201,0.0008513755,0,0.002909825,1.146679E-09,0.0001429009,4.820145E-05,0.0004798352,0.001596609,0.0002706818,5.817506E-06,0.003049324,0.004659311,0.0005127737,0.002333735,0.005188853,0.01499152,0.0005849518,0.002136235,0.0004126415,0.006383967,0.01596658,0.002343612,0.01728058,0.0002553161,0.00750178,0.01001832,0.0001061474,0.000435444,0.0006052335,2.204473E-05,0.002307505,0.005554429,0.001165091,0.0002063019,3.164245E-07,0.01715108,0.002880585,0.0004883556,0.004458319,0.08840621,0.03373953,0.07000244,0.02484554,0.02894986,0.002556455
35,0.0001551687,0.0004857508,0.0001054594,0.001580292,2.173232E-05,0.002605795,0.00021104,0.01706367,0.005160674,0.07588824,0.01017387,0.01154925,0.004546141,0.003512864,0.002141337,0,0.0001792861,7.993262E-06,0.0001062917,7.211918E-05,0.0002060541,0.000646234,0,0.002580198,1.077863E-09,0.0001456272,3.124292E-05,0.0004734377,0.001518708,0.0002623365,5.47547E-06,0.002013017,0.004741488,0.0004103921,0.002272837,0.005079382,0.01459095,0.0005820165,0.002117997,0.0003945232,0.005961344,0.01509602,0.002246817,0.01681517,0.0002600561,0.005960263,0.009673406,0.0001031899,0.0004174799,0.000585566,3.024094E-05,0.001994322,0.007298528,0.001176472,0.0002013271,2.94239E-07,0.01573619,0.003106553,0.000511063,0.003649582,0.1039476,0.04889712,0.06908111,0.0254663,0.02680914,0.002559087
36,0.0001480088,0.0004838,0.0001183844,0.001639152,2.589114E-05,0.002603093,0.0002084915,0.01772057,0.005856251,0.08097064,0.01081,0.01183234,0.004344696,0.003828129,0.002103091,0,0.0004454579,1.26109E-05,0.0001535999,6.970843E-05,0.0002006214,0.0006800184,0,0.002681665,1.15248E-09,0.0001433985,3.467562E-05,0.0004701719,0.001454812,0.0002613554,7.639061E-06,0.002688483,0.004782005,0.0004306697,0.002179099,0.005057725,0.01469299,0.0005798991,0.002123672,0.0003827098,0.005769142,0.01451974,0.002178142,0.0166352,0.0002591233,0.005860748,0.009304814,9.882959E-05,0.0004092531,0.0005761566,0.0001098212,0.007176658,0.01284445,0.002708679,0.0004383588,2.917293E-07,0.01519728,0.00330558,0.0005025279,0.00314893,0.09916837,0.05791095,0.06655201,0.0257601,0.02777766,0.002594849
37,9.361133E-05,0.0005245496,0.0001289958,0.001708305,2.696016E-05,0.002676646,0.0002064478,0.01844722,0.006687209,0.08717253,0.01157314,0.01219577,0.004262545,0.003659338,0.002240551,0,0.0002355331,9.341161E-06,0.0001034489,7.144945E-05,0.0002317071,0.0009855893,0,0.002829403,1.265113E-09,0.0001513004,3.895248E-05,0.0004732687,0.001573522,0.0002893829,1.006171E-05,0.002790319,0.004939069,0.0004582987,0.002375253,0.004860587,0.01502222,0.000578405,0.002090962,0.0003814969,0.005848688,0.0152715,0.002093823,0.01661889,0.0002574336,0.006550217,0.009338063,0.0001117393,0.0004080052,0.0005672361,7.272329E-05,0.003648459,0.01221699,0.001331045,0.0003610458,2.914221E-07,0.01567982,0.003318873,0.0005200076,0.004593723,0.09842209,0.05033688,0.07168692,0.02656678,0.02966534,0.002723539
