Year,"Coastal dolphins","Offshore dolphins","Baleen whales",Seabird,"Sea turtle","Blacktip shark","Dusky shark","Sandbar shark","Large coastal sharks","Large oceanic sharks","Atlantic sharpnose shark","Small coastal sharks","Yellowfin tuna","Bluefin tuna","Other tunas",Billfish,Swordfish,"Pelagic coastal piscivores",Amberjack,Cobia,"King mackerel (0-1yr)","King mackerel (1+yr)","Spanish mackerel (0-1yr)","Spanish mackerel (1+yr)",Skates-rays,"Gag grouper (0-3yr)","Gag grouper (3+yr)","Red grouper (0-3yr)","Red grouper (3+yr)","Yellowedge grouper (0-3yr)","Yellowedge grouper (3+yr)","Goliath grouper","Deep-water grouper","Shallow-water grouper","Red snapper (0yr)","Red snapper (1-2yr)","Red snapper (3+yr)","Vermilion snapper","Mutton snapper","Other snapper","Inshore coastal piscivores","Sea trout","Oceanic piscivores","Benthic piscivores","Reef piscivores","Reef invertebrate feeders","Demersal coastal invertebrate feeders","Red drum","Benthic coastal invertebrate feeders",Tilefish,"Gray triggerfish","Coastal omnivores","Reef omnivores","Surface pelagics","Large oceanic planktivores","Oceanic planktivores",Sardine-herring-scad,"Menhaden (0yr)","Menhaden (1yr)","Menhaden (2yr)","Menhaden (3yr)","Menhaden (4yr)",Anchovy-silverside-killifish,Mullet,Butterfish,Cephalopod,"Pink shrimp","Brown shrimp","White shrimp",Crab,"Sessile epifauna","Mobile epifauna",Zooplankton,Infauna,Algae,Seagrass,Phytoplankton,Detritus
1,0.01945078,0.03158951,0.02606264,0.01250823,0.01288208,0.04841552,0.006243915,0.002058968,0.03199699,0.02165727,0.01690433,0.001502141,0.01682242,0.002808416,0.05928017,0.001364082,0.01845648,0.01507744,0.01982498,0.006509554,1.820498E-05,0.04013327,9.045648E-06,0.001791523,0.03209849,0.000763229,0.004821138,0.0004481243,0.003256701,3.226826E-05,0.01153333,6.82383E-05,0.003816362,0.008060522,0.0001851065,0.002396467,0.00800097,0.06524099,0.003900726,0.007254611,0.02581733,0.03801603,0.06112431,0.0209375,0.01926957,0.0827762,0.3807284,0.02572203,0.3832605,0.004052375,0.03244349,0.1109231,0.0401604,0.144044,0.02479891,0.1126089,0.4499966,0.01344287,0.03861199,0.01211023,0.00264446,0.0009184376,0.1519896,0.1025475,0.1509445,1.958002,0.04906293,0.04232616,0.2956389,0.1432204,8.371701,9.937238,19.58289,17.0256,32.69255,11.0391,26.15114,58.19442
2,0.01948799,0.03247815,0.02635428,0.01244168,0.01293338,0.04679677,0.006123206,0.001937279,0.03179231,0.02146509,0.01638733,0.001502035,0.01794858,0.003292218,0.06805504,0.001378205,0.0189266,0.01440062,0.02023072,0.006586796,2.323038E-05,0.03901149,8.165975E-06,0.001875653,0.03215125,0.0007702116,0.004883611,0.000432632,0.003255326,3.187524E-05,0.01022438,4.001652E-05,0.003763857,0.008009769,0.0001832481,0.002410626,0.007785382,0.06486376,0.003868136,0.007225132,0.02500204,0.03723853,0.0628076,0.02103352,0.01925066,0.08233664,0.3834793,0.02428157,0.3871064,0.003834677,0.0295534,0.1107908,0.04048024,0.1446682,0.02520182,0.112047,0.449913,0.01201367,0.04706594,0.01970063,0.002920378,0.001123257,0.1500471,0.0998427,0.1495527,1.95874,0.04923109,0.04161322,0.2969557,0.1436645,8.396276,9.929299,19.5756,17.03294,32.69391,11.02479,26.15306,58.19267
3,0.0195374,0.03332212,0.02660172,0.01238212,0.01299122,0.04541905,0.006003723,0.001760741,0.03162846,0.02129635,0.01582414,0.001505019,0.01913252,0.003858077,0.07779916,0.001405391,0.01937833,0.01386109,0.01902659,0.006324768,1.199768E-05,0.03305557,6.025129E-06,0.001376802,0.03221399,0.0007765801,0.004725754,0.0004142673,0.003237226,3.191206E-05,0.008490729,2.63014E-05,0.003719639,0.007980096,0.000182523,0.002453626,0.007943664,0.06247956,0.003859165,0.00721279,0.02434954,0.03662214,0.0643772,0.02113583,0.01933748,0.08237412,0.3857915,0.02310802,0.3898991,0.003529383,0.02575385,0.1109733,0.0409109,0.1469582,0.02555073,0.1113764,0.4521837,0.005116867,0.02631889,0.02055774,0.005660777,0.001152416,0.1489278,0.09768861,0.1501876,1.965915,0.04958589,0.04245764,0.2973857,0.1453114,8.417715,9.931705,19.58974,17.03882,32.69613,11.0138,26.14776,58.18388
4,0.01959505,0.03412685,0.02682365,0.0123297,0.01304414,0.04437663,0.005880751,0.001526008,0.03152261,0.02115022,0.015542,0.00151382,0.02025031,0.00451937,0.08843801,0.001446643,0.0198155,0.0134325,0.01798176,0.006095884,1.397034E-05,0.03203849,9.029646E-06,0.001824648,0.03238904,0.0007792623,0.004425191,0.0004017134,0.003160142,3.134471E-05,0.007350495,3.294528E-05,0.003683958,0.007964668,0.00018283,0.002450687,0.0076216,0.06070266,0.003802025,0.007208942,0.0238156,0.0361208,0.06583825,0.02125793,0.01940838,0.08219105,0.3873092,0.02214592,0.3903154,0.003300065,0.02449465,0.1111276,0.04101413,0.1477042,0.02584664,0.1106507,0.4520063,0.004309557,0.02127408,0.03244739,0.01384883,0.003406984,0.1474733,0.09584748,0.1477397,1.96338,0.04957781,0.04323062,0.2935201,0.1479349,8.435738,9.925311,19.57745,17.04034,32.69691,11.00525,26.15366,58.1875
5,0.0196552,0.03488073,0.02702388,0.01228134,0.01309256,0.04350629,0.005744845,0.00134618,0.03145682,0.02102512,0.01534654,0.0015251,0.0213604,0.005292349,0.1001164,0.001501687,0.02023279,0.01308606,0.01812187,0.00599896,1.985671E-05,0.03133028,9.310625E-06,0.001448339,0.03258296,0.0007742891,0.004564033,0.0003991835,0.003086809,2.930685E-05,0.00669825,3.439723E-05,0.003651712,0.007958838,0.0001774884,0.002554673,0.007277625,0.05623088,0.003719866,0.007214701,0.02340691,0.03577081,0.06722521,0.02140073,0.01950783,0.08235341,0.3890592,0.0213523,0.394098,0.003096977,0.026282,0.1114202,0.0413767,0.1490617,0.02609773,0.1099141,0.4560714,0.01229762,0.0274186,0.01397708,0.0141127,0.006740018,0.1472654,0.09445199,0.1485174,1.967121,0.04975942,0.03977445,0.3004647,0.1459532,8.451042,9.927715,19.59458,17.04384,32.69896,10.99848,26.14755,58.17925
6,0.01972575,0.03557492,0.02719781,0.01224306,0.01313928,0.04269229,0.005594011,0.001279028,0.03142432,0.02091852,0.01492867,0.001537004,0.02243715,0.006195585,0.1128648,0.001570611,0.02063422,0.01281395,0.01740843,0.005839547,3.078475E-05,0.0304692,1.165164E-05,0.001641466,0.03275608,0.0007649917,0.004426596,0.0004021794,0.003039537,2.767406E-05,0.006344301,1.825511E-05,0.003626102,0.007955733,0.0001735912,0.002661878,0.007066228,0.04943261,0.003958087,0.007226114,0.02309402,0.03550354,0.06851744,0.02153728,0.01959187,0.08243326,0.3902693,0.0207151,0.3965677,0.002913066,0.02910947,0.1116019,0.04160607,0.1489384,0.02630702,0.1091807,0.4590884,0.03098214,0.07727747,0.0208072,0.004685569,0.007847135,0.1467694,0.09326527,0.1481584,1.962421,0.04966148,0.04476346,0.298146,0.1490423,8.461961,9.914437,19.5236,17.04177,32.6912,10.99312,26.15278,58.17923
7,0.01979165,0.03617864,0.02735543,0.01220436,0.01318953,0.04173082,0.005417992,0.001195662,0.0314176,0.02082847,0.01407367,0.001552643,0.02356203,0.007250475,0.1268462,0.001654088,0.02102184,0.01259214,0.01474758,0.005554796,1.242669E-05,0.02707949,7.229543E-06,0.001381628,0.03301508,0.0007700019,0.004193765,0.0004080116,0.002886247,2.709801E-05,0.006215261,1.25054E-05,0.003604645,0.007964355,0.0001702764,0.002655263,0.007043359,0.0426234,0.004172401,0.007241409,0.02285463,0.03529201,0.06969986,0.02166844,0.01970639,0.0824943,0.390909,0.02017298,0.3967345,0.002738953,0.02949864,0.1117711,0.04168676,0.1488933,0.02647656,0.1084708,0.4609568,0.01336149,0.0625293,0.03382246,0.005898265,0.003598226,0.1458739,0.09217146,0.1462779,1.961168,0.04993466,0.0460203,0.2824962,0.1550012,8.476161,9.905993,19.54156,17.04472,32.69598,10.98878,26.15652,58.18861
8,0.01985132,0.0367576,0.0275004,0.01216556,0.01323639,0.04091559,0.005210717,0.00114137,0.03143623,0.02075716,0.01241143,0.001567386,0.02475825,0.008483649,0.1422532,0.00175479,0.02140812,0.01243196,0.01116532,0.005510714,2.36518E-05,0.02654137,1.187306E-05,0.002084886,0.03343115,0.0007668937,0.00425279,0.0004121533,0.002923066,2.696225E-05,0.006142264,7.581093E-06,0.003588645,0.007976784,0.0001673509,0.002635944,0.007201552,0.03682624,0.004031103,0.007257591,0.02264148,0.03510887,0.07084047,0.02191434,0.01988128,0.08277375,0.3913539,0.01967464,0.3954726,0.002472585,0.03003272,0.1120561,0.04186762,0.1490042,0.02661393,0.1078086,0.4646278,0.009325629,0.06107099,0.07136147,0.02381688,0.004476766,0.1452134,0.09128576,0.1465662,1.960117,0.05003235,0.03711698,0.2694372,0.1385832,8.487648,9.902889,19.49281,17.05095,32.69546,10.98511,26.15723,58.182
9,0.01989915,0.03730485,0.02763414,0.01212096,0.01326238,0.04012881,0.004970582,0.001066613,0.03146708,0.02070518,0.0114221,0.001566393,0.02588691,0.009922081,0.1588913,0.001873566,0.02178955,0.01228283,0.008883089,0.005395763,1.478021E-05,0.02666237,8.188646E-06,0.001525167,0.0339229,0.0007461829,0.004299889,0.0004065686,0.003006808,2.714162E-05,0.005911155,4.308436E-06,0.003570502,0.00796158,0.000167515,0.002558855,0.007027933,0.03142523,0.003862733,0.007248753,0.022411,0.03488063,0.07190332,0.02220642,0.02003721,0.08297858,0.3918464,0.01917557,0.3968516,0.002021612,0.02745804,0.1123933,0.04201531,0.149254,0.02672367,0.1071966,0.4707241,0.009220019,0.03375334,0.03799227,0.02764619,0.00866667,0.1452684,0.09067019,0.1464382,1.965037,0.05143728,0.03116561,0.2681955,0.1159042,8.499682,9.927829,19.58467,17.08784,32.70618,10.98197,26.15012,58.18276
10,0.0199539,0.03785344,0.0277565,0.01208388,0.01327771,0.0393756,0.004715236,0.0009829233,0.03152759,0.02067429,0.0105347,0.001561356,0.02705879,0.01160298,0.1770802,0.002012212,0.0221711,0.01218887,0.00700938,0.005187159,2.479747E-05,0.02372292,1.095439E-05,0.001530554,0.03449758,0.0007535911,0.004299986,0.0004011186,0.002509515,2.74551E-05,0.005912466,2.87493E-06,0.003555725,0.007942515,0.0001637785,0.002555225,0.006966468,0.02873002,0.00379334,0.007246316,0.02225402,0.03473034,0.07294147,0.0225874,0.02021189,0.083376,0.3927277,0.01874959,0.4000206,0.001743219,0.02301248,0.1128097,0.0422029,0.1502537,0.02680996,0.106636,0.4807608,0.01829211,0.04958172,0.02740917,0.01510425,0.01463789,0.1461315,0.09030026,0.1482421,1.968903,0.05226626,0.02118813,0.2737253,0.1164757,8.502007,9.942489,19.55664,17.09465,32.70284,10.97934,26.14757,58.17473
11,0.02001498,0.0383793,0.02786915,0.01205459,0.01329916,0.0387336,0.004463934,0.0008983253,0.03162512,0.02066167,0.009533877,0.001565718,0.02824432,0.01356403,0.1967614,0.00217267,0.02255145,0.0121251,0.006954431,0.005504115,1.803585E-05,0.02424208,1.06256E-05,0.001931082,0.03514125,0.0007605646,0.004281598,0.0004055703,0.002550054,2.728452E-05,0.005907297,9.176897E-06,0.003542985,0.007941136,0.0001647064,0.002564023,0.007488629,0.0259812,0.003853512,0.007262567,0.02214001,0.03464747,0.07390079,0.02298408,0.02040792,0.08353803,0.3929539,0.01843246,0.4003163,0.001644804,0.01788682,0.1130702,0.04211327,0.1505843,0.02687229,0.1060996,0.4862826,0.03009753,0.07065032,0.02925138,0.009714927,0.01143319,0.1457754,0.08986204,0.1458042,1.963882,0.05266218,0.01924804,0.2788516,0.1296341,8.504962,9.92619,19.4991,17.08099,32.69782,10.97721,26.15434,58.17947
12,0.020079,0.03888548,0.02796838,0.01202992,0.01332766,0.03817226,0.004232555,0.0008276166,0.03176557,0.0206671,0.008579305,0.001576589,0.0296027,0.01585471,0.2184526,0.002358689,0.02293788,0.0120959,0.006549973,0.006048386,2.411804E-05,0.02165785,1.438676E-05,0.001897254,0.03564901,0.0007592782,0.004197313,0.0003854819,0.002756929,2.704171E-05,0.005912427,2.091566E-05,0.003535483,0.007964752,0.0001736528,0.002558145,0.00821665,0.02301132,0.003845961,0.007296492,0.02208046,0.03461847,0.07483654,0.02331111,0.02070625,0.08397614,0.3931945,0.01818799,0.3993682,0.001639917,0.01488471,0.1133799,0.04225264,0.1525816,0.02691436,0.1055927,0.4926556,0.01988418,0.1056979,0.06693242,0.01104838,0.006931392,0.1455405,0.0894937,0.1474595,1.961738,0.05357065,0.0279225,0.2804034,0.1330761,8.510493,9.915059,19.44466,17.068,32.68967,10.97537,26.15143,58.17104
13,0.02014036,0.0393612,0.02805914,0.01200641,0.01335172,0.0378501,0.004026505,0.000779931,0.03195262,0.02069027,0.008266008,0.001584508,0.03088481,0.01852241,0.2416669,0.002573714,0.02333199,0.01209586,0.00586086,0.006298029,1.24782E-05,0.02230755,1.060014E-05,0.001880419,0.03614294,0.0007600436,0.004205279,0.0003614526,0.002860636,2.712332E-05,0.005838178,4.12747E-05,0.003533538,0.007987527,0.0001812263,0.002632894,0.008278622,0.01964658,0.003621411,0.007320938,0.02206769,0.03457157,0.07568976,0.02359813,0.02095302,0.0840316,0.3932338,0.01798883,0.3981781,0.001674625,0.01380564,0.1135227,0.04215845,0.1531607,0.0269372,0.105114,0.4960588,0.01277198,0.06177675,0.0861835,0.02953309,0.007176193,0.1447465,0.08909434,0.1463598,1.957062,0.05486728,0.03793768,0.2775215,0.1244968,8.519995,9.911858,19.52441,17.08232,32.69793,10.9738,26.16464,58.196
14,0.02022409,0.03985601,0.02813429,0.01199495,0.01337358,0.03752914,0.003818224,0.0007472514,0.03219509,0.02073052,0.008476448,0.001589232,0.03222955,0.02163394,0.2670044,0.002789099,0.02369148,0.01232872,0.005418861,0.006299285,2.146741E-05,0.01909827,1.355109E-05,0.001923812,0.0367146,0.0007742533,0.003998696,0.0003823306,0.002857596,2.711089E-05,0.00582017,6.918888E-05,0.003525415,0.008020275,0.0001784174,0.002825082,0.007925974,0.01687262,0.003520175,0.00739187,0.02178148,0.03518087,0.07671238,0.02400548,0.02072151,0.08407811,0.4017746,0.01766148,0.4043074,0.001668041,0.01312684,0.1113193,0.04295195,0.1512592,0.02695721,0.1045488,0.5102807,0.01464007,0.06723879,0.04193347,0.03238581,0.01345701,0.1502176,0.09161472,0.1476311,1.985413,0.05555076,0.03787193,0.289676,0.1184777,8.638287,9.937795,19.66965,17.26592,32.92026,11.07954,26.19357,58.31218
15,0.02037783,0.0404541,0.02822804,0.01200696,0.0134038,0.03685603,0.00360173,0.0006974963,0.03252606,0.0207983,0.008312824,0.001601676,0.03363835,0.02527196,0.2943147,0.003026629,0.02409679,0.01224661,0.005152126,0.006280456,2.386042E-05,0.0186128,1.759726E-05,0.00259402,0.03712753,0.0007356848,0.003773374,0.000398646,0.002830934,2.704944E-05,0.005637016,9.183438E-05,0.003545082,0.007849074,0.0001759813,0.002669651,0.007774159,0.01500677,0.003511752,0.007208008,0.02135624,0.0356115,0.07770549,0.02424709,0.02020198,0.08179732,0.3997127,0.01763829,0.4081726,0.001584176,0.01270408,0.1062919,0.04170409,0.146506,0.0269937,0.1047696,0.509484,0.03465943,0.0714872,0.03890051,0.01413561,0.01846737,0.1451494,0.09085716,0.1488991,2.042637,0.04726885,0.03764698,0.2840121,0.1123327,8.942302,9.692687,19.82664,17.64777,33.42204,10.5278,26.75696,59.18867
16,0.02049238,0.04098585,0.0282962,0.01201766,0.01342175,0.03689936,0.003403773,0.0006562504,0.0328658,0.02087556,0.008597901,0.001604699,0.03520985,0.0294939,0.3236566,0.003334405,0.02460609,0.01251647,0.005536847,0.006737817,1.582331E-05,0.01610739,1.6337E-05,0.002249635,0.03754459,0.0007639496,0.003632973,0.0004298936,0.003080052,2.778362E-05,0.005717246,0.0001211486,0.003552056,0.007915615,0.0001844478,0.002778761,0.008081841,0.01359001,0.00371959,0.007323515,0.02139754,0.03585516,0.07779682,0.02446421,0.02063149,0.08506135,0.4060226,0.01755666,0.4072918,0.001452948,0.01186179,0.1080501,0.04263924,0.1520003,0.02695298,0.1042561,0.524655,0.03346449,0.09657887,0.03622485,0.01201727,0.008970977,0.151725,0.09242327,0.1529758,2.05036,0.05257243,0.03702106,0.2826698,0.1029736,9.058354,9.718055,20.25657,17.89818,33.94438,11.32782,26.86879,60.16396
17,0.02063504,0.04161109,0.02834006,0.01204,0.01342645,0.03652833,0.003192721,0.0006131637,0.03333681,0.02096561,0.008785005,0.001602901,0.03684964,0.03441614,0.355425,0.00368544,0.02505485,0.01239516,0.005701635,0.006892193,1.623031E-05,0.01650584,1.800125E-05,0.003514611,0.03750734,0.0006897831,0.0036072,0.0004078163,0.003246094,2.537227E-05,0.005742932,0.0001642484,0.00354667,0.007738168,0.0001778239,0.00255963,0.00820744,0.01312636,0.003725289,0.007106747,0.02187075,0.03584639,0.07869379,0.02450283,0.02027388,0.08138791,0.4022055,0.0176065,0.4079769,0.001422342,0.01229633,0.1063987,0.04025307,0.1499168,0.02690176,0.1031412,0.5211937,0.01744684,0.1103283,0.09132475,0.01831277,0.007453633,0.1460118,0.08986215,0.1483236,2.051635,0.04221072,0.0403077,0.2748435,0.08740851,9.092786,9.381993,18.92577,17.40285,31.74329,11.55682,25.21281,56.69369
18,0.02067021,0.04195038,0.02838617,0.0119936,0.01340513,0.03628066,0.002954643,0.0005968526,0.03370083,0.02108355,0.008973013,0.001577106,0.03840407,0.04012597,0.3890797,0.004059388,0.02548964,0.01238341,0.00577679,0.006819812,1.653859E-05,0.01525436,1.543797E-05,0.002758697,0.03744255,0.0006989793,0.003695956,0.0004230023,0.003482495,2.67486E-05,0.005803074,0.0002107551,0.003541467,0.007714607,0.0001838421,0.002760871,0.00813879,0.01246363,0.003787387,0.006965211,0.02208306,0.03619565,0.07979129,0.02454191,0.02018856,0.08164449,0.4044886,0.01764852,0.415136,0.001407598,0.01347983,0.1061267,0.03904188,0.1468959,0.02683095,0.102145,0.5260736,0.00987314,0.05670493,0.06025636,0.03087705,0.009048037,0.1455182,0.08918136,0.1442645,1.940568,0.04023621,0.04294773,0.2742095,0.08071743,9.233155,9.389909,19.11459,16.88762,32.22226,10.24403,25.87601,57.25502
19,0.02072346,0.0422713,0.02834507,0.01194624,0.01338263,0.03579129,0.002688935,0.0005995395,0.03412141,0.02120529,0.008584959,0.001562702,0.04010718,0.04682754,0.4263115,0.004425415,0.02579191,0.01216003,0.006274523,0.006882275,2.504286E-05,0.01459443,2.152241E-05,0.002710652,0.03763556,0.0006886627,0.003491595,0.0004292945,0.003732184,2.495013E-05,0.005677011,0.0002437095,0.00353422,0.007622541,0.0001663919,0.002637061,0.008292664,0.01222944,0.003822017,0.006782906,0.02178165,0.03638763,0.08127202,0.02435718,0.01955575,0.07749004,0.4065247,0.01724522,0.4202088,0.001365234,0.01463319,0.1028892,0.03820967,0.1420219,0.02675202,0.1012576,0.5196422,0.02212306,0.05813798,0.03556277,0.01739206,0.01460857,0.1432433,0.08797244,0.1419155,1.964378,0.03743099,0.03401065,0.2763538,0.08079956,9.100978,9.616904,19.41667,17.05165,32.77894,12.00604,26.44479,58.58471
20,0.02074317,0.04255544,0.02834531,0.01190623,0.01334602,0.03625954,0.002449592,0.0006139443,0.03456434,0.02135789,0.008519732,0.001543788,0.0419204,0.05459268,0.4663727,0.004874202,0.02617049,0.01230987,0.006937247,0.007210233,1.174653E-05,0.01378921,1.438551E-05,0.002556582,0.03789062,0.0007555213,0.003538974,0.0004554612,0.00390949,2.683935E-05,0.005804198,0.0002937772,0.003474355,0.007938871,0.0002009506,0.002804348,0.008701256,0.01172857,0.004079037,0.007171032,0.02156041,0.03645961,0.08180085,0.02399431,0.02004486,0.08044191,0.4160323,0.01709312,0.4158487,0.001312619,0.01569427,0.1081923,0.04195817,0.1473415,0.02670481,0.1013472,0.5253035,0.02475365,0.06418112,0.02968363,0.0112093,0.01049701,0.1479298,0.09162693,0.1412933,1.986967,0.05713186,0.03758859,0.2809632,0.0772328,8.998345,10.11438,19.85582,17.48175,33.00812,11.53063,26.20588,58.90782
21,0.02073976,0.04282269,0.02836069,0.0118623,0.01329754,0.03702996,0.002309398,0.0006938372,0.03512892,0.02153904,0.00880655,0.00152609,0.04382529,0.06354091,0.5084204,0.005459131,0.02669366,0.01279367,0.007471937,0.007574346,2.642136E-05,0.01444125,2.250743E-05,0.003508044,0.03798361,0.0007273442,0.003474985,0.0004641231,0.003782958,2.521879E-05,0.005805542,0.0003079426,0.003443729,0.00799618,0.0001896922,0.002677286,0.009016278,0.01200191,0.004263166,0.007238772,0.02282408,0.03573388,0.08209793,0.02391601,0.02086774,0.08576808,0.4110775,0.01755804,0.413157,0.001239226,0.01700494,0.1144729,0.04193549,0.1548317,0.02662471,0.1007873,0.5352784,0.01989006,0.1148832,0.08507323,0.0164254,0.0083477,0.1544489,0.09138308,0.13953,1.894012,0.05656578,0.0342818,0.2613972,0.06626377,8.675327,9.899192,18.61751,16.52718,31.21264,8.940983,25.01711,55.40323
22,0.02066046,0.04302469,0.028481,0.01174148,0.01321658,0.0368133,0.002241369,0.0007781912,0.03569666,0.02177713,0.009046142,0.001499421,0.04577407,0.07384558,0.5525427,0.006105101,0.02732843,0.01262708,0.007990685,0.007526099,1.369524E-05,0.0138972,9.995057E-06,0.002458125,0.03710939,0.0006600023,0.003212968,0.0004702293,0.003807809,2.553502E-05,0.005833683,0.0002944502,0.003421587,0.007766392,0.0001858003,0.002496652,0.008775772,0.01130285,0.004302783,0.007006039,0.02217732,0.03347232,0.08281126,0.02343776,0.02110226,0.08552784,0.3912919,0.01737619,0.402257,0.001153864,0.01748577,0.1130619,0.03968351,0.1503849,0.02658141,0.1013122,0.526151,0.01078194,0.0555672,0.06959441,0.03095745,0.007847811,0.1407732,0.08468159,0.1311586,1.838888,0.04635251,0.03160759,0.2312449,0.05836146,8.465789,8.959748,18.42245,16.33966,31.12935,8.624284,25.0927,54.89814
23,0.02055299,0.04306168,0.02850184,0.01161492,0.01310591,0.03678439,0.002266155,0.0008551385,0.03621883,0.02203419,0.009514937,0.001466248,0.04773957,0.08576792,0.5988443,0.006784156,0.02796966,0.01266412,0.008182853,0.007652252,1.831365E-05,0.01234879,1.151879E-05,0.001887654,0.03640674,0.0006573056,0.003111281,0.0004693608,0.004083491,2.596714E-05,0.00592724,0.000298877,0.003371852,0.007644668,0.000168732,0.002394021,0.00846782,0.0101959,0.004319722,0.006985269,0.0218619,0.03275898,0.08292123,0.02289806,0.02123415,0.08566424,0.3832911,0.01712721,0.3953531,0.001067068,0.01681465,0.1110088,0.03973398,0.1469928,0.02638194,0.100426,0.5234918,0.01315384,0.06070538,0.04016711,0.02325907,0.01354396,0.1456271,0.08522402,0.1359553,1.845891,0.04697625,0.03199453,0.2477297,0.05536981,8.310124,9.025043,18.53402,16.41685,31.12503,7.779894,25.13957,54.9252
24,0.0205228,0.04313971,0.02845914,0.0115261,0.01298422,0.03636691,0.002369943,0.0009321789,0.03682486,0.02231971,0.009645716,0.001441814,0.04993441,0.09955408,0.649317,0.007418425,0.02851412,0.01214195,0.007557006,0.007261278,1.306381E-05,0.01241507,1.065421E-05,0.002497682,0.03574452,0.0005957988,0.003075634,0.0004303604,0.004345352,2.416708E-05,0.005808447,0.0002714763,0.003349449,0.007315414,0.0001688091,0.002210616,0.008249367,0.009080042,0.004086563,0.006723683,0.0206161,0.03169383,0.08206189,0.02247995,0.02059165,0.08092039,0.364588,0.01628274,0.382552,0.001025681,0.01518756,0.1063637,0.03767521,0.141158,0.02622902,0.1002416,0.5048569,0.02202483,0.04965447,0.03802036,0.01414034,0.01444635,0.1355805,0.08191384,0.1396863,1.927294,0.04125121,0.02862576,0.2373322,0.0514782,7.986174,8.952176,19.38561,17.02064,32.45458,10.2038,26.29237,57.91808
25,0.02049308,0.0433112,0.02844265,0.01144844,0.01286363,0.036041,0.002559424,0.00102545,0.03749966,0.02267183,0.01001011,0.001419537,0.05231163,0.1154637,0.7036873,0.008091594,0.02907927,0.01179353,0.006781856,0.006951949,1.822587E-05,0.01171802,1.648463E-05,0.002565345,0.03548044,0.0005979497,0.002907096,0.0004473049,0.004508407,2.539424E-05,0.005771304,0.0002485264,0.003359735,0.007111799,0.0001718464,0.002367208,0.008337361,0.008649908,0.004007366,0.006548811,0.02031288,0.03184647,0.08222105,0.02254996,0.02018919,0.07899227,0.36203,0.01615968,0.3821584,0.001013183,0.0130683,0.104565,0.03665949,0.1419634,0.02612432,0.09981594,0.5098165,0.01733428,0.1016463,0.04281835,0.01598797,0.00977745,0.1332144,0.08037299,0.1430058,1.956913,0.04301867,0.04045918,0.2431734,0.05346307,8.355809,9.111106,19.14247,17.1046,32.21707,10.07488,25.72414,57.04018
26,0.02045302,0.04340586,0.02847118,0.01138866,0.01275115,0.03636203,0.002831768,0.001137445,0.03825879,0.02308867,0.01117489,0.001404983,0.05459319,0.1337173,0.7605813,0.008828568,0.02966232,0.01189859,0.006379802,0.007172079,1.051144E-05,0.01276856,1.229257E-05,0.00237272,0.03555125,0.0006341049,0.002945865,0.0004594282,0.004907519,2.491411E-05,0.005896334,0.0002296628,0.003353514,0.007176874,0.0001660504,0.002431931,0.008773736,0.008800562,0.004156604,0.006682344,0.02027091,0.03198665,0.08297905,0.02256656,0.01995627,0.07885247,0.3663017,0.01597749,0.3820845,0.000963814,0.01231657,0.1054268,0.03838887,0.1439723,0.02603459,0.09985466,0.5148031,0.01600815,0.06024033,0.08243137,0.02023354,0.01065615,0.1372469,0.08197511,0.1426757,1.955364,0.05300482,0.060299,0.2642039,0.06784226,8.405784,9.486907,19.63273,17.34169,33.00904,10.79115,26.57089,58.7607
27,0.02042301,0.04358312,0.028497,0.0113557,0.01266194,0.03708182,0.003187192,0.001251799,0.0391865,0.02357255,0.01275915,0.001409688,0.05703263,0.154628,0.8211844,0.009678767,0.03026198,0.0122678,0.006622352,0.007620303,1.654812E-05,0.0114392,1.478635E-05,0.00227786,0.03562579,0.0006392014,0.002863768,0.0004810836,0.005039828,2.401274E-05,0.005989205,0.0002060161,0.003373185,0.007155059,0.0001776419,0.002439453,0.00927597,0.009362363,0.00422368,0.006704779,0.02137353,0.03152028,0.08342842,0.02269603,0.02008729,0.08128951,0.3620355,0.01612181,0.3860952,0.0009916982,0.01332059,0.1099142,0.03882539,0.153064,0.02597573,0.09993912,0.5317128,0.01922319,0.08867558,0.04386562,0.03404921,0.01141738,0.1410231,0.08149657,0.1410603,1.962502,0.05271604,0.05698556,0.2447224,0.07965485,8.248681,9.326779,19.40202,17.11994,32.26424,10.11112,25.76501,57.36497
28,0.02033587,0.04376513,0.02860756,0.01127035,0.01255974,0.03730436,0.003576832,0.001380712,0.04017416,0.02413928,0.0140507,0.001411085,0.05957625,0.1789085,0.8857921,0.01057714,0.03089848,0.01227816,0.007305492,0.00770746,1.683725E-05,0.01167185,1.828437E-05,0.003281523,0.03517704,0.0006276628,0.002670531,0.0005058096,0.005282132,2.391075E-05,0.005809164,0.0001816756,0.003425118,0.007149212,0.0001848293,0.002536464,0.009603756,0.009209826,0.004065993,0.006541486,0.02121221,0.0306433,0.08494101,0.02244837,0.02001068,0.08110849,0.3531297,0.01578369,0.3833779,0.00104094,0.01407826,0.1104962,0.03773869,0.1516632,0.02596425,0.1012644,0.5234691,0.02961244,0.08356883,0.05866401,0.01417893,0.01616903,0.1294537,0.07744197,0.1331678,1.917838,0.04993571,0.0752968,0.2417799,0.07612395,8.228536,8.984418,18.80856,16.8231,31.64842,8.903517,25.09908,55.66203
29,0.02022687,0.04375673,0.02863618,0.01116647,0.01245119,0.03788142,0.003995473,0.001555618,0.04119057,0.02474563,0.01552786,0.001403701,0.06229006,0.2066204,0.9535771,0.01151897,0.0315747,0.01251971,0.007800819,0.008056585,1.230876E-05,0.01043961,1.659517E-05,0.003034785,0.0349153,0.0006320183,0.00232537,0.0005301613,0.005543231,2.567257E-05,0.005813111,0.0001802717,0.003438905,0.007184954,0.0001955726,0.002761164,0.01089925,0.009081605,0.00395418,0.006499371,0.02115428,0.03044537,0.08615766,0.02213404,0.01995483,0.08213527,0.3570259,0.01565031,0.3808504,0.001057555,0.01502738,0.1104284,0.03749968,0.1511037,0.02585282,0.1007099,0.5221128,0.02172904,0.08043808,0.04860549,0.0209848,0.009156103,0.1329315,0.0781179,0.1349272,1.855039,0.05298492,0.09010104,0.2893817,0.07975776,8.233016,9.319102,18.28685,16.29945,30.89457,9.446708,24.94876,54.88371
30,0.02011928,0.04354351,0.02862251,0.01107489,0.01233542,0.0386857,0.004438191,0.001748479,0.04228175,0.02537872,0.01660442,0.001395608,0.06497569,0.2381374,1.02421,0.01250267,0.03225764,0.01294626,0.007822678,0.00878979,1.822343E-05,0.01232815,2.114052E-05,0.004439113,0.03501732,0.0005996816,0.002553695,0.0005239942,0.005994606,2.416408E-05,0.005828402,0.0002095867,0.003406797,0.007134016,0.0001934157,0.002748331,0.01244465,0.008142573,0.003955497,0.006399507,0.02169967,0.03101646,0.08700352,0.02186722,0.0196386,0.08246513,0.364269,0.01614452,0.3842758,0.00101223,0.01683431,0.1105234,0.03609682,0.1497493,0.02568906,0.09981439,0.5231505,0.01726872,0.1031725,0.1012839,0.03436622,0.01547722,0.1468183,0.08221316,0.1314851,1.787667,0.04918652,0.08862767,0.3112248,0.07349753,8.319487,9.639304,18.26026,15.99643,30.65138,10.46173,25.00791,55.27382
31,0.02007047,0.0434208,0.02865024,0.01098703,0.01221216,0.03825619,0.004822577,0.001897314,0.043568,0.02610458,0.01667488,0.001388168,0.0680921,0.274707,1.103735,0.01333457,0.0328542,0.01203898,0.007861324,0.00895663,1.281938E-05,0.01141086,1.319936E-05,0.003279703,0.03446717,0.0005482841,0.003110943,0.0005048497,0.00651739,2.135934E-05,0.005441925,0.0002557567,0.003417019,0.006952155,0.0001953957,0.002656221,0.01377472,0.007883726,0.003909415,0.006116076,0.02008341,0.02993541,0.08884177,0.02142623,0.01867232,0.07484193,0.3586048,0.01559865,0.3811106,0.0009852067,0.0189476,0.1044458,0.03462106,0.139449,0.02564894,0.1005972,0.4925966,0.01555737,0.06488071,0.04064859,0.02574858,0.01226757,0.1260093,0.07649634,0.1254965,1.89932,0.04308842,0.09845077,0.2687003,0.07027243,8.194789,8.913663,18.92733,16.68816,31.40435,10.02355,25.16225,56.05556
32,0.01999227,0.04337434,0.02864172,0.01088648,0.01207711,0.03798666,0.005198387,0.002063997,0.04497018,0.02691738,0.01700692,0.001372082,0.07105634,0.3164463,1.185916,0.01431688,0.03351165,0.01156824,0.008400398,0.008929953,2.089479E-05,0.01154466,1.943356E-05,0.003400239,0.03350968,0.0005307497,0.00393171,0.0005026202,0.006659567,2.229094E-05,0.005071931,0.0003057431,0.003458902,0.006612685,0.000229052,0.002806005,0.01490601,0.006947696,0.003784715,0.005636964,0.01994944,0.029425,0.0905462,0.02099701,0.01809875,0.07299043,0.3489938,0.01548483,0.3776898,0.0009812429,0.01937251,0.1026562,0.03166633,0.1367053,0.0255748,0.100259,0.4893645,0.0114552,0.06152649,0.0519976,0.01130004,0.01308921,0.1178551,0.07230483,0.1230157,1.906511,0.03553413,0.0887669,0.2536574,0.06746426,8.352155,8.564439,18.76444,16.6405,32.02961,10.67653,26.27877,57.32789
33,0.01982184,0.04323941,0.02859523,0.01074956,0.01192696,0.03848054,0.005601666,0.002266897,0.04643882,0.0277709,0.0180415,0.001346226,0.07385299,0.3634321,1.268317,0.0155743,0.03435444,0.01196616,0.00918582,0.009386341,1.038956E-05,0.01069732,1.270425E-05,0.003120235,0.0332328,0.0006661793,0.005007642,0.0005907317,0.007223176,2.463288E-05,0.005276255,0.0003782651,0.003452833,0.006798858,0.0002452338,0.003180275,0.01637482,0.006856705,0.004017422,0.005686006,0.0199751,0.02933074,0.09077043,0.02092944,0.01856163,0.07885248,0.3548814,0.01532889,0.3803498,0.0009800363,0.02062375,0.1090608,0.03344199,0.1502022,0.02546875,0.09958726,0.5114091,0.01625017,0.03543972,0.03421189,0.01748313,0.008073975,0.1278797,0.07568514,0.1167908,1.920297,0.04687059,0.09208939,0.2572932,0.0715103,8.839637,9.448264,20.23017,17.45282,33.39161,10.75872,26.51491,59.37443
34,0.01971599,0.04317036,0.028542,0.01064071,0.01177054,0.03903252,0.006043182,0.002485652,0.04809906,0.02869169,0.01904566,0.001327848,0.07667934,0.4162997,1.350378,0.01697262,0.0354036,0.01232131,0.009604942,0.009901859,2.473279E-05,0.01184011,2.460624E-05,0.004697585,0.03276967,0.0007617685,0.005905048,0.0005861347,0.007387938,2.161742E-05,0.005609965,0.0004415874,0.003415962,0.007029644,0.0002555327,0.003152348,0.016918,0.007210104,0.004301939,0.005942814,0.02020111,0.02930577,0.0911415,0.02060534,0.01888656,0.08085269,0.3536502,0.01501016,0.3732986,0.0009850602,0.02079846,0.1126645,0.03622027,0.1574276,0.02528855,0.09852836,0.5135232,0.01977806,0.08963756,0.0538078,0.01973798,0.01202394,0.1303159,0.07744608,0.1225605,1.933968,0.05768645,0.09232048,0.2558653,0.07656417,8.370335,9.302099,18.84435,16.87127,31.53164,9.52911,25.09377,55.84061
35,0.01965869,0.04302125,0.0284657,0.01053536,0.01160137,0.03879645,0.006443623,0.002692141,0.04995815,0.02971767,0.01926476,0.001313758,0.07957358,0.4763397,1.437564,0.01819321,0.03638027,0.01198941,0.009822374,0.01002514,1.279049E-05,0.01191955,1.341845E-05,0.003325384,0.03171768,0.0007617442,0.006723887,0.0005735781,0.007241383,2.056974E-05,0.005663041,0.0004922138,0.003373999,0.006889809,0.0002478802,0.003017483,0.01755854,0.007101432,0.004286505,0.005836371,0.01995344,0.02904291,0.09195236,0.02019713,0.01832302,0.07693823,0.3426599,0.01479355,0.3671707,0.0009761116,0.02035733,0.1085874,0.03530542,0.1503258,0.02508452,0.09773081,0.4928581,0.01496142,0.06139377,0.0576744,0.02101258,0.01023287,0.1198677,0.07352804,0.1289051,1.929438,0.04933536,0.08254127,0.2488188,0.07235503,8.299367,8.573974,18.54107,16.56207,31.26738,8.242892,25.1497,55.04045
36,0.0195681,0.04283403,0.02839619,0.01042291,0.01143418,0.03869117,0.006837422,0.002894745,0.05204218,0.0308693,0.01936692,0.001297312,0.08267158,0.5448758,1.533577,0.01935063,0.03728351,0.01182124,0.009886003,0.01025467,1.749551E-05,0.01103303,1.371946E-05,0.002678429,0.0309543,0.0007487948,0.007679649,0.0005962704,0.00715421,2.221421E-05,0.005647511,0.0005460125,0.003374255,0.006731082,0.0002500068,0.003048571,0.01856858,0.007067247,0.004188525,0.005658298,0.02002546,0.02927678,0.09283758,0.02010214,0.01777771,0.0745573,0.3371433,0.01462866,0.3719953,0.0009692119,0.02071816,0.1051968,0.03394666,0.1465233,0.02499645,0.0983327,0.4858474,0.02001362,0.08395966,0.05300948,0.02150298,0.01192235,0.1181697,0.07179813,0.1334768,1.924279,0.044881,0.08001249,0.2594576,0.07034384,8.408672,8.83973,18.97354,16.74752,32.00599,8.496472,25.64964,56.23062
37,0.01949842,0.04268587,0.02840205,0.01033726,0.01127185,0.03895083,0.00725769,0.003092909,0.05443074,0.03220182,0.01960775,0.001282094,0.08564372,0.6219931,1.632592,0.02052744,0.03833453,0.01176996,0.009916606,0.0105326,1.360067E-05,0.01161853,1.614411E-05,0.00356209,0.03057227,0.0008590117,0.008744598,0.0006210689,0.007590216,2.456264E-05,0.005983743,0.0006117726,0.003360322,0.00696335,0.0002694535,0.003422169,0.01969142,0.007371694,0.004384696,0.006002141,0.01921396,0.02976044,0.09359203,0.02014218,0.01742171,0.07410248,0.3533776,0.01408958,0.3708389,0.0009727259,0.02094516,0.1029015,0.03722218,0.1421573,0.02499313,0.0999158,0.4787528,0.03605933,0.07830796,0.0665111,0.02117387,0.01442941,0.1197975,0.07381093,0.1331619,1.968072,0.06246207,0.08544361,0.2835314,0.07438794,8.390857,9.232696,19.46248,17.30104,32.85863,10.27042,26.45503,58.36798
