Year,"Blacktip Shark|Blacktip shark","Dusky Shark|Dusky shark","Sandbar Shark|Sandbar shark","Large Coastal Sharks|Large coastal sharks","Large Oceanic Sharks|Large oceanic sharks","Atlantic Sharpnose Shark|Atlantic sharpnose shark","Small Coastal Sharks|Small coastal sharks","Yellowfin Tuna|Yellowfin tuna","Bluefin Tuna|Bluefin tuna","Other Tunas|Other tunas",Billfish|Billfish,Swordfish|Swordfish,"Pelagic Coastal Piscivores|Pelagic coastal piscivores",Amberjack|Amberjack,Cobia|Cobia,"King Mackerel (1+)|King mackerel (1+yr)","Spanish Mackerel (0-1)|Spanish mackerel (0-1yr)","Spanish Mackerel (1+)|Spanish mackerel (1+yr)",Skates-rays|Skates-rays,"Gag grouper (0-3yr)|Gag grouper (0-3yr)","Gag grouper (3+yr)|Gag grouper (3+yr)","Red grouper (3+yr)|Red grouper (3+yr)","Yellowedge grouper (0-3yr)|Yellowedge grouper (0-3yr)","Yellowedge grouper (3+yr)|Yellowedge grouper (3+yr)","Goliath grouper|Goliath grouper","Deep-water grouper|Deep-water grouper","Shallow-water grouper|Shallow-water grouper","Red snapper (0yr)|Red snapper (0yr)","Red snapper (1-2yr)|Red snapper (1-2yr)","Red snapper (3+yr)|Red snapper (3+yr)","Vermilion snapper|Vermilion snapper","Mutton snapper|Mutton snapper","Other snapper|Other snapper","Inshore coastal piscivores|Inshore coastal piscivores","Sea trout|Sea trout","Oceanic piscivores|Oceanic piscivores","Benthic piscivores|Benthic piscivores","Reef piscivores|Reef piscivores","Reef invertebrate feeders|Reef invertebrate feeders","Demersal coastal invertebrate feeders|Demersal coastal invertebrate feeders","Red drum|Red drum","Benthic coastal invertebrate feeders|Benthic coastal invertebrate feeders",Tilefish|Tilefish,"Gray triggerfish|Gray triggerfish","Coastal omnivores|Coastal omnivores","Reef omnivores|Reef omnivores","Surface pelagics|Surface pelagics",Sardine-herring-scad|Sardine-herring-scad,"Menhaden (0yr)|Menhaden (0yr)","Menhaden (1yr)|Menhaden (1yr)","Menhaden (2yr)|Menhaden (2yr)","Menhaden (3yr)|Menhaden (3yr)","Menhaden (4yr)|Menhaden (4yr)",Anchovy-silverside-killifish|Anchovy-silverside-killifish,Mullet|Mullet,Butterfish|Butterfish,Cephalopod|Cephalopod,"Pink shrimp|Pink shrimp","Brown shrimp|Brown shrimp","White shrimp|White shrimp",Crab|Crab,"Sessile epifauna|Sessile epifauna","Mobile epifauna|Mobile epifauna",Zooplankton|Zooplankton
1,0.000353817,0.0001104028,6.80459E-05,0.0005046791,1.480274E-06,0.0003310812,8.423058E-05,0.003754086,1.68912E-05,0.003189441,0.0007202763,0.005818531,0.005316636,0.004222705,0.001214272,0.001662497,1.062047E-06,0.0001006747,5.553127E-05,0.0001797367,0.001471228,0.001597138,2.137941E-09,0.0004622122,5.260142E-05,0.0005305193,0.001612824,1.177005E-09,0.0005335003,0.003120775,0.001271957,0.0008078962,0.002771261,0.006503248,0.01738401,0.0005231447,0.001963507,0.0004300395,0.006007429,0.01226628,0.003250144,0.00970793,5.84627E-05,0.001383173,0.00961507,0.0001149781,0.0004398031,0.0005713593,0.0001393439,0.01599158,0.007782815,0.0006763942,7.246884E-05,3.244725E-07,0.02003217,0.002719868,0.0005046802,0.01480314,0.1171947,0.05727513,0.08381907,0.02702097,0.03074847,0.002642496
2,0.0003498121,0.0001271368,0.0002228843,0.0005056069,2.237811E-06,0.000389146,8.440053E-05,0.003984279,1.980712E-05,0.003655725,0.0007277019,0.005967844,0.005100655,0.003242794,0.001144166,0.0009997243,8.702119E-07,0.0001010547,5.623978E-05,0.0001825288,0.001463108,0.001619167,2.108511E-09,0.001122213,8.256446E-05,0.0005235964,0.001609392,1.152195E-09,0.0004750986,0.003053226,0.001448609,0.0007632875,0.002767146,0.006345265,0.01708273,0.000533634,0.001973189,0.000431092,0.005989055,0.01243799,0.00314084,0.009846353,0.0003000553,0.002400451,0.009603799,0.0001153086,0.0004381273,0.0005699986,5.58826E-05,0.007624665,0.005874159,0.0003593371,4.477786E-05,3.252633E-07,0.01972274,0.002674062,0.0005047534,0.01481691,0.1177121,0.05296052,0.08537981,0.02702438,0.030759,0.002641289
3,0.0003212491,0.0001442376,0.0001816541,0.0005066319,2.516158E-06,0.0003586804,8.460842E-05,0.004221424,2.321544E-05,0.004169676,0.0007419697,0.006110816,0.004921908,0.006360388,0.001627753,0.001092851,4.049291E-07,7.543139E-05,5.681522E-05,0.0001853801,0.001783776,0.001626465,2.101072E-09,0.001376996,3.522552E-05,0.0005174982,0.001608738,1.137294E-09,0.0004210753,0.002637627,0.002117236,0.0007812825,0.002765602,0.006214846,0.01683475,0.0005426278,0.001979445,0.000433577,0.005997123,0.01257441,0.003049166,0.009943548,0.0003249469,0.002124864,0.009627096,0.0001156646,0.000442012,0.0005704612,9.902159E-06,0.001972977,0.002987935,0.0004084549,3.106378E-05,3.283248E-07,0.01948366,0.00266924,0.0005043973,0.01495092,0.1155164,0.05629274,0.0836555,0.02702102,0.03082966,0.002645023
4,0.0001998797,0.000172144,0.0002644417,0.0005077832,2.781083E-06,0.0003414835,8.510231E-05,0.004448408,2.720537E-05,0.004730233,0.0007636915,0.006249247,0.004783147,0.003957627,0.001362364,0.0008289418,6.11886E-07,5.86247E-05,5.748248E-05,0.0001875692,0.001767177,0.001643859,2.061978E-09,0.0009214678,2.546071E-05,0.0005124485,0.00161021,1.133143E-09,0.0004392853,0.003510813,0.001701696,0.0008679032,0.00276642,0.006105756,0.01663459,0.0005503658,0.001988182,0.0004356605,0.005990424,0.01267425,0.002971824,0.009976886,0.0002503738,0.001402331,0.00965366,0.0001153506,0.0004432612,0.0005683287,4.078335E-06,0.002315831,0.005747308,0.001207006,9.652389E-05,3.294944E-07,0.01927721,0.002640199,0.000503977,0.01481981,0.1182926,0.06281491,0.08410699,0.02701509,0.03084563,0.002642778
5,0.0002513365,0.0002092243,0.0001622898,0.0005090492,3.184007E-06,0.0003456312,8.568228E-05,0.004672583,3.187317E-05,0.005345176,0.0007927401,0.006381679,0.004669058,0.003827014,0.001458013,0.0007356119,5.317958E-07,3.402152E-05,5.811263E-05,0.0001874205,0.00124665,0.001573682,1.921556E-09,0.0006873675,4.818288E-05,0.0005078349,0.001612741,1.089116E-09,0.0002347188,0.003190063,0.003178651,0.0008166341,0.002769982,0.006021412,0.01649444,0.000557111,0.001996966,0.0004381661,0.005997133,0.0127618,0.002907118,0.01006286,0.0003015567,0.0007912128,0.009676871,0.0001158101,0.000445086,0.0005712395,2.70459E-05,0.004203264,0.004385435,0.002300521,0.0003275653,3.310923E-07,0.01911903,0.00263134,0.0005048286,0.01489811,0.120006,0.03962439,0.09084707,0.02700935,0.03085527,0.002646542
6,0.0003310934,0.0002504589,0.0001343184,0.0005106402,6.480819E-06,0.0003839478,8.62513E-05,0.004893355,3.733571E-05,0.006017625,0.0008292217,0.00650933,0.004580194,0.005589249,0.001556612,0.0008955558,8.243296E-07,4.548653E-05,5.863224E-05,0.0001860154,0.001853905,0.001553228,1.804515E-09,0.0005029773,5.043916E-05,0.0005044267,0.001614908,1.053994E-09,0.0001161949,0.003399054,0.003364844,0.0003289949,0.002775677,0.005955597,0.01638729,0.0005630844,0.002005595,0.0004403802,0.006002472,0.01282377,0.002855778,0.01012623,0.0002761805,0.0008775443,0.00968161,0.0001161321,0.000442959,0.0005738095,0.0001230412,0.01224571,0.005904678,0.0008488491,0.0004292007,3.309947E-07,0.01897947,0.002619565,0.0005053217,0.0150258,0.1081313,0.06620466,0.07825404,0.0269993,0.03079312,0.002638423
7,0.0005499642,0.0003075715,0.0001677388,0.0005123621,8.659417E-06,0.0004354232,8.700867E-05,0.005117783,4.371973E-05,0.006748628,0.0008734053,0.006632398,0.004499218,0.007543155,0.00170504,0.0007756734,4.235652E-07,8.806887E-05,5.922846E-05,0.0001879912,0.00163496,0.001644261,1.759603E-09,0.0003588315,2.817439E-05,0.0005016364,0.001618411,1.02534E-09,9.530838E-05,0.003321609,0.003488797,0.0007316541,0.002780141,0.005902561,0.01629787,0.0005683469,0.002011839,0.0004419894,0.005993791,0.01286121,0.002808492,0.01013761,0.0003313911,0.001582195,0.009680315,0.0001155085,0.0004390319,0.0005725151,2.567138E-05,0.005845847,0.005127827,0.0004020256,0.0001140013,3.304633E-07,0.01884021,0.002556828,0.0005043689,0.01449281,0.1245483,0.0932631,0.08508909,0.02699444,0.0307853,0.002636907
8,0.0003523263,0.0003629017,0.0001233159,0.0005141886,8.827284E-06,0.0005059115,8.769151E-05,0.005365444,5.11935E-05,0.007556955,0.000926693,0.006754408,0.004443187,0.007382534,0.00139023,0.0006088993,7.008741E-07,7.522903E-05,6.005407E-05,0.0001885477,0.001359603,0.001384126,1.743235E-09,0.0003235751,2.76829E-05,0.0004994574,0.001622278,1.003252E-09,8.410501E-05,0.003244545,0.003239115,0.001020799,0.00278583,0.00585188,0.01621585,0.0005727375,0.002031371,0.0004460417,0.00601766,0.01289031,0.002760557,0.01011378,0.000500211,0.001156528,0.009714705,0.0001156888,0.0004398289,0.0005762247,1.105705E-05,0.005651906,0.01234022,0.00182713,0.0001317926,3.321534E-07,0.01874222,0.002585076,0.0005035891,0.01463814,0.1285657,0.09821021,0.1177066,0.0269946,0.03082909,0.002632987
9,0.000500477,0.0004170755,0.0001711931,0.0005159226,7.849535E-06,0.0003605121,8.728152E-05,0.005596277,5.992814E-05,0.008427849,0.0009896779,0.006875209,0.004387935,0.005235637,0.00162425,0.0005367984,4.252699E-07,4.868523E-05,6.097284E-05,0.0001835279,0.00150286,0.001542393,1.746826E-09,0.0003986623,1.843454E-05,0.0004972578,0.001618769,9.980292E-10,0.0001597245,0.003652334,0.003176925,0.0008386067,0.002778162,0.005788157,0.01609842,0.0005767727,0.002056719,0.0004494158,0.006020815,0.01291448,0.002707226,0.01014106,0.000667134,0.00252427,0.009741767,0.0001157195,0.000438393,0.0005813832,1.239721E-05,0.002996583,0.006750656,0.002233113,0.0002052893,3.330117E-07,0.01867811,0.002572919,0.0005044697,0.01185636,0.1163704,0.08566517,0.1053872,0.02699804,0.03090578,0.00264447
10,0.0004524426,0.0004517981,0.0001487593,0.0005179829,6.053032E-06,0.000433047,8.665051E-05,0.005835885,7.014548E-05,0.00938274,0.001063267,0.006996088,0.00435491,0.005206654,0.001551488,0.001203673,7.433435E-07,7.033518E-05,6.200079E-05,0.0001854631,0.001470531,0.002022927,1.761999E-09,0.0002043416,1.317821E-05,0.0004957354,0.001614699,9.710818E-10,0.0001097216,0.003220049,0.002312239,0.0007650335,0.002775085,0.00574282,0.01601307,0.0005803744,0.002091852,0.0004535807,0.006050034,0.01293831,0.002662252,0.01018954,0.000326814,0.002457398,0.009769328,0.000116088,0.0004410703,0.0005937061,5.524953E-05,0.01017259,0.008278416,0.002766969,0.0008158754,3.34738E-07,0.01864643,0.002601735,0.0005059236,0.01276419,0.1043807,0.07615782,0.07343555,0.02699066,0.03094204,0.002642876
11,0.0004601495,0.0004675442,0.0001640282,0.0005204836,7.322356E-06,0.0003979076,8.674918E-05,0.006076877,8.208889E-05,0.01041136,0.001148464,0.007116712,0.004328348,0.002424857,0.0009928524,0.0006385558,6.314801E-07,6.094131E-05,6.314351E-05,0.0001879667,0.001541645,0.001176994,1.746584E-09,0.0002282243,7.229255E-06,0.0004943658,0.001614913,9.70323E-10,7.490857E-05,0.002617506,0.002825482,0.0006278013,0.002780341,0.005706453,0.01597193,0.000583686,0.002128216,0.0004573134,0.006049782,0.01294433,0.00263076,0.01019671,0.0002637951,0.002663336,0.009773609,0.0001154541,0.0004400691,0.0005982143,6.117534E-05,0.007276016,0.006796436,0.0008353919,0.0004229311,3.338903E-07,0.01859284,0.002533357,0.0005052377,0.01186014,0.07850502,0.0721733,0.07541897,0.02698277,0.0308719,0.002629405
12,0.0004809003,0.0004765555,0.00014073,0.0005234755,7.858129E-06,0.0003958631,8.730247E-05,0.006360155,9.605213E-05,0.01154597,0.001247119,0.007238453,0.00431388,0.004742629,0.00110559,0.0009041256,8.216028E-07,7.444758E-05,6.397365E-05,0.0001879817,0.001627074,0.001398136,1.719468E-09,0.0002113483,1.728589E-05,0.0004932323,0.00162032,1.025544E-09,0.0001152005,0.002753489,0.002579269,0.0008884417,0.002793113,0.005682361,0.01594987,0.0005863648,0.002154245,0.0004642321,0.006080357,0.01295237,0.00260767,0.0101705,0.0001758967,0.001779645,0.009804029,0.000115531,0.0004473023,0.0006042832,2.583538E-05,0.008316657,0.009361471,0.0009239006,0.0001997047,3.35698E-07,0.01855457,0.00257107,0.000503259,0.01076713,0.08247188,0.07655624,0.09426543,0.0269836,0.03088001,0.002627254
13,0.000372056,0.0004823931,0.0001334163,0.0005271166,1.112524E-05,0.0002919918,8.765024E-05,0.006629186,0.0001123599,0.0127596,0.001361377,0.007362823,0.004312419,0.003581081,0.001352777,0.0007229385,5.023032E-07,5.593843E-05,6.47374E-05,0.0001882606,0.001532344,0.001418658,1.717884E-09,0.0002657433,1.260305E-05,0.0004931464,0.001624731,1.073217E-09,0.0001059455,0.003570654,0.002708545,0.0010692,0.00280137,0.005669598,0.01591975,0.0005887968,0.002178316,0.0004699884,0.006080227,0.01296084,0.002587326,0.01015217,0.0001918964,0.001564353,0.009820109,0.0001150274,0.0004490411,0.0006058745,1.192639E-05,0.006724984,0.0168215,0.002255323,0.000222766,3.346117E-07,0.01850751,0.002562184,0.0005031451,0.009317787,0.1046389,0.08254325,0.1016466,0.02698895,0.03087042,0.002634428
14,0.0003535071,0.0005030308,0.0001193328,0.00053158,1.443647E-05,0.000274376,8.777922E-05,0.006924869,0.0001302026,0.01417668,0.001481206,0.007516759,0.004402112,0.003700528,0.001376029,0.001074695,7.989138E-07,6.858612E-05,6.652009E-05,0.0001927721,0.001879651,0.001492419,1.689426E-09,0.0002073252,2.514369E-05,0.0004929657,0.001634727,1.066697E-09,0.0001677406,0.003844935,0.002282352,0.0008069782,0.002855192,0.005561606,0.01621329,0.0005941869,0.002201779,0.0004642067,0.006109037,0.01319934,0.002531782,0.01029936,0.0002610032,0.001558164,0.009735827,0.0001191857,0.0004468851,0.0006255621,5.609405E-05,0.01367435,0.01336526,0.005378271,0.0006932628,3.446065E-07,0.01899379,0.002567062,0.0005146958,0.01425083,0.1219019,0.07602502,0.09606364,0.02736841,0.03110611,0.002715329
15,0.0003242535,0.0005337928,0.0001378958,0.0005378767,1.488099E-05,0.0003110206,8.862606E-05,0.007201008,0.0001536008,0.01561788,0.001606367,0.007602328,0.004576354,0.003252772,0.00120436,0.001072932,1.023664E-06,0.0001045245,6.721721E-05,0.0001814399,0.001637491,0.001326784,1.661883E-09,0.0002522464,3.242504E-05,0.0004948822,0.001581034,1.015697E-09,6.482907E-05,0.003372857,0.002017686,0.0005920382,0.002787812,0.005409047,0.01645007,0.0006006507,0.002252546,0.0004466428,0.006016231,0.01302969,0.002532591,0.01047029,0.0003408008,0.001557107,0.00925527,0.0001183145,0.0004351582,0.0006495878,8.618713E-05,0.01332269,0.01307568,0.002207708,0.0009789291,3.457804E-07,0.01892452,0.002552016,0.0005395195,0.01336844,0.1159218,0.09846763,0.09527455,0.02847946,0.03057978,0.002689733
16,0.0002971235,0.0005659003,0.0001275557,0.0005434012,2.043511E-05,0.0002740945,8.85773E-05,0.007520339,0.0001798545,0.01711993,0.001766958,0.007769072,0.004470341,0.002668721,0.0009852669,0.0007552369,8.759554E-07,7.029643E-05,6.720837E-05,0.0001891499,0.001806147,0.001368177,1.719343E-09,0.0001959478,3.047497E-05,0.0004972459,0.0015982,1.092896E-09,4.212948E-05,0.003264723,0.001962655,0.0006309859,0.002812607,0.005417074,0.01646352,0.0005986687,0.002223529,0.0004614225,0.006386375,0.0131579,0.002519797,0.01037319,0.000359515,0.001619306,0.009496713,0.0001185547,0.0004497991,0.0006519466,4.572882E-05,0.006401598,0.004737684,0.0009805559,0.0002480566,3.534328E-07,0.01908793,0.002582189,0.0005280933,0.01671959,0.118733,0.07578336,0.1100204,0.02842398,0.02948776,0.002681716
17,0.0003558709,0.0005994035,0.0001301292,0.00055094,2.510328E-05,0.0002728936,8.835224E-05,0.007850421,0.0002107354,0.01873262,0.001947974,0.007895521,0.004494871,0.003526847,0.001278053,0.0005866382,1.015247E-06,6.25092E-05,6.647829E-05,0.0001706988,0.001373913,0.001262938,1.548228E-09,0.0001309721,1.180132E-05,0.0004960897,0.001558624,1.044556E-09,3.098185E-05,0.003409085,0.001423791,0.0005490753,0.002710911,0.005505554,0.01620599,0.0005987215,0.002230887,0.0004475658,0.006000636,0.01318417,0.002494488,0.01027414,0.0001817361,0.001068553,0.009301385,0.0001117632,0.0004402165,0.0006546846,1.998693E-05,0.006680961,0.01622476,0.001566916,0.0002790714,3.477363E-07,0.01850121,0.002559948,0.000530781,0.01769574,0.1061673,0.06446534,0.09404898,0.02895132,0.029469,0.002622356
18,0.000303382,0.0006341811,0.0001013567,0.0005571531,2.005211E-05,0.000296408,8.687106E-05,0.008186326,0.0002453442,0.02057366,0.002156785,0.008067358,0.004502786,0.002997509,0.001429793,0.0005979218,8.314546E-07,5.873271E-05,6.631751E-05,0.0001723254,0.001470721,0.001411864,1.605099E-09,0.0001669166,3.756344E-05,0.0004952031,0.001546459,1.092156E-09,5.50635E-05,0.00372678,0.001730882,0.0004445643,0.002638058,0.005516829,0.01644319,0.0006050137,0.002230267,0.0004467014,0.006037186,0.0133443,0.002497253,0.01042009,0.0002658641,0.001138957,0.009076966,0.0001089584,0.0004271835,0.0006655147,4.023729E-05,0.006478272,0.02032641,0.005108251,0.0004615915,3.559357E-07,0.01860388,0.00249951,0.0005114255,0.01520211,0.1172558,0.07859572,0.07487068,0.02928326,0.03005218,0.002659036
19,0.0003343398,0.0006461888,9.845557E-05,0.0005641586,2.09215E-05,0.0003276402,8.621747E-05,0.00852152,0.0002836546,0.02245584,0.002346162,0.008151151,0.004422174,0.002741677,0.001034263,0.0008090552,1.3037E-06,7.142072E-05,6.672028E-05,0.0001693623,0.001716631,0.001267959,1.51463E-09,0.0001555899,4.315378E-05,0.0004950409,0.001538284,9.540808E-10,3.154567E-05,0.003209194,0.001376325,0.0005073036,0.002584201,0.005492166,0.01653223,0.0006045178,0.002262964,0.0004294907,0.005623242,0.0134297,0.002407898,0.01056448,0.0002370787,0.001220975,0.008834801,0.0001073042,0.0004180323,0.0006498763,0.0001021015,0.008356395,0.01239686,0.003164593,0.0008822529,3.560393E-07,0.01822868,0.002447156,0.0005158323,0.01683473,0.1276233,0.0886404,0.08141936,0.02876873,0.03033957,0.002644647
20,0.0001819216,0.0006289237,9.423676E-05,0.0005708873,1.718561E-05,0.0003200687,8.513068E-05,0.008911761,0.0003329363,0.02455023,0.002580732,0.00826982,0.004216124,0.002825975,0.001335786,0.0004320616,7.00622E-07,5.163882E-05,6.66305E-05,0.0001859492,0.001403953,0.001868833,1.599394E-09,0.0002155583,3.409287E-05,0.0004941687,0.001639812,1.201208E-09,3.228266E-05,0.003143533,0.001725923,0.0005208752,0.002765825,0.005342411,0.01660199,0.0006039764,0.002160878,0.0004448656,0.005823884,0.01363942,0.00239272,0.01039149,0.0002750653,0.001244036,0.009379494,0.0001168313,0.0004293001,0.0006348004,4.35696E-05,0.004568556,0.006360313,0.001139613,0.000376917,3.406925E-07,0.01904444,0.002373283,0.0005184533,0.01390545,0.1089405,0.09603604,0.09323758,0.02835178,0.03181519,0.002716892
21,0.0003091147,0.0005640843,5.606321E-05,0.0005787956,1.490585E-05,0.0002904279,8.402672E-05,0.009304642,0.0003891862,0.02659457,0.002869508,0.008409898,0.004363161,0.003167966,0.001296033,0.0004366539,1.14389E-06,7.815129E-05,6.50002E-05,0.0001800913,0.00166552,0.001749443,1.482207E-09,0.0002326661,9.987533E-05,0.0004843867,0.001620246,1.116837E-09,1.406232E-05,0.003374413,0.001247332,0.0004136316,0.002763235,0.00557891,0.01634742,0.0006042281,0.00214411,0.0004633928,0.006278038,0.01322194,0.00247182,0.01008843,0.0003048299,0.001097437,0.009664745,0.0001153281,0.0004414186,0.0006470106,2.398312E-05,0.004373833,0.01099467,0.001144918,0.0002273002,3.545403E-07,0.01914078,0.002337764,0.0004834872,0.01256438,0.1125935,0.09912004,0.08351845,0.02702697,0.03121243,0.002540392
22,0.0001857803,0.0004849578,7.763714E-05,0.0005861791,1.571114E-05,0.0002619436,8.227283E-05,0.00972461,0.0004566563,0.02897907,0.003218795,0.008610815,0.00449179,0.003086523,0.001366808,0.0003601393,5.847464E-07,9.963551E-05,6.412365E-05,0.0001605326,0.00167724,0.001462556,1.458182E-09,0.0001663583,8.134333E-05,0.0004773937,0.001530707,1.076249E-09,1.869085E-05,0.003454478,0.001647688,0.0003805891,0.002614863,0.005407073,0.01510188,0.0006096517,0.002092754,0.0004616807,0.006180538,0.01233409,0.002455069,0.009810327,0.0002791504,0.001300471,0.00923813,0.0001068449,0.0004239291,0.0006423639,2.292508E-05,0.002479381,0.01065024,0.002258509,0.0001810109,3.397747E-07,0.01761403,0.002249454,0.000460728,0.01302089,0.097541,0.078206,0.05895794,0.02635362,0.02833614,0.00258667
23,0.0001918097,0.0003925006,7.453343E-05,0.0005930842,1.79966E-05,0.0002589621,8.042336E-05,0.01013652,0.0005327289,0.03137804,0.00358619,0.008824079,0.004443411,0.003796698,0.001185728,0.000608746,7.791384E-07,8.77097E-05,6.398165E-05,0.0001611292,0.001525838,0.001449148,1.485302E-09,0.0001762419,7.161709E-05,0.0004729434,0.001505365,1.004418E-09,2.362838E-05,0.003538669,0.00147343,0.0005168989,0.002643481,0.005462053,0.01482896,0.0006098404,0.002068058,0.0004693487,0.006295003,0.01217227,0.002454194,0.009794683,0.0002760136,0.001633222,0.009302405,0.0001102518,0.0004286986,0.0006463107,6.58627E-05,0.007986578,0.01245677,0.004082657,0.0006990142,3.516769E-07,0.01791591,0.002391496,0.0004968785,0.01568742,0.1137994,0.09673204,0.06816515,0.02757262,0.02939378,0.002703282
24,0.0001987252,0.000316949,7.095522E-05,0.0006018731,1.990513E-05,0.0002712931,7.942592E-05,0.01061775,0.0006147386,0.03423507,0.003935611,0.009022896,0.004482269,0.004525584,0.001657411,0.0003074204,6.103571E-07,6.001732E-05,6.352841E-05,0.0001463351,0.001379698,0.001295706,1.376383E-09,0.0002347345,0.0001130693,0.0004663371,0.00143904,9.958545E-10,1.571103E-05,0.00317192,0.001407346,0.0005584943,0.002537849,0.005220305,0.01422397,0.0005916422,0.002044594,0.0004556123,0.005942256,0.011496,0.00230652,0.009512589,0.0002062796,0.001778702,0.009034144,0.0001048121,0.0004223031,0.0006324704,4.079663E-05,0.003745125,0.009067989,0.001355616,0.0005392717,3.325264E-07,0.01719188,0.002472584,0.0005290065,0.01078475,0.1039198,0.1047662,0.06320827,0.02659229,0.02914452,0.00267728
25,0.0001877873,0.0002565784,6.624161E-05,0.0006109643,1.855934E-05,0.0002288158,7.8365E-05,0.01110754,0.0007118079,0.03693263,0.004283656,0.009174922,0.004242131,0.004088861,0.001436251,0.0002385203,8.881277E-07,7.500856E-05,6.342546E-05,0.0001474907,0.00161495,0.001760384,1.438834E-09,0.0001889923,8.496476E-05,0.0004654532,0.001390317,1.013374E-09,1.868736E-05,0.003487282,0.00123121,0.0004644852,0.002462377,0.00512825,0.01442388,0.000583665,0.00206147,0.000447428,0.005784521,0.01149396,0.002305994,0.009584788,0.0002394803,0.001793076,0.008873202,0.0001010013,0.0004262805,0.0006455652,2.341407E-05,0.004132056,0.005772715,0.001192039,0.0002405178,3.322607E-07,0.01702329,0.002522829,0.0005264407,0.01061077,0.08678991,0.08838001,0.05698565,0.02715532,0.03013725,0.002629351
26,0.0001752782,0.0002211511,6.712044E-05,0.0006210649,1.737392E-05,0.0001696866,7.778141E-05,0.01159838,0.0008268414,0.03996978,0.004709115,0.009362516,0.004194389,0.003512214,0.001236026,0.0001867644,5.406629E-07,3.075123E-05,6.379901E-05,0.0001578078,0.001354759,0.001513562,1.410964E-09,0.0001635118,0.0001036348,0.0004704145,0.001456829,9.861043E-10,1.480825E-05,0.002965918,0.001180113,0.0004468154,0.002577071,0.005175035,0.01456308,0.0005848836,0.002084818,0.0004453979,0.005774461,0.01186757,0.002327966,0.009629513,0.000279766,0.001270575,0.009063089,0.0001092279,0.0004339159,0.0006393517,1.48277E-05,0.002371617,0.01156408,0.001266521,0.0002403124,3.313995E-07,0.01750107,0.002537594,0.0005210605,0.01054057,0.1028546,0.06485659,0.0530103,0.02720759,0.03169904,0.002699102
27,0.0001763278,0.0001998421,8.324696E-05,0.0006337747,1.659834E-05,0.0001808225,7.836163E-05,0.01210387,0.0009533756,0.04301682,0.005115302,0.009534928,0.00420017,0.002962675,0.001447446,0.0003845441,8.508927E-07,4.619911E-05,6.252011E-05,0.0001601772,0.00164793,0.001952163,1.351542E-09,0.0001593405,9.742865E-05,0.0004717106,0.001432012,1.049267E-09,1.536729E-05,0.003091298,0.001216899,0.0006412134,0.002572753,0.005406162,0.01421922,0.0005810318,0.002078641,0.0004453916,0.005868287,0.01157504,0.002328348,0.009460371,0.0001759825,0.001015943,0.009230569,0.0001085004,0.000444479,0.0006361818,8.842618E-05,0.007332612,0.01079445,0.003954513,0.0004065569,3.201852E-07,0.01713902,0.002462858,0.000494124,0.007124392,0.1141715,0.05617956,0.07379877,0.02537499,0.02965123,0.002511671
28,0.0001316585,0.000198484,5.954508E-05,0.0006457727,1.83739E-05,0.0001921615,7.817738E-05,0.01264433,0.001102148,0.0464287,0.005595434,0.009743946,0.004178347,0.00272358,0.001648765,0.0003007606,1.06378E-06,5.466064E-05,6.161525E-05,0.0001560661,0.001629842,0.001601043,1.323924E-09,0.000174331,9.403232E-05,0.000477073,0.001415028,1.077101E-09,1.288493E-05,0.002916822,0.001320262,0.0006997806,0.002470485,0.005282505,0.01372256,0.000584105,0.002104129,0.0004369641,0.005661164,0.01113247,0.002290805,0.009334558,0.0002062921,0.001168037,0.009069028,0.0001026668,0.000429507,0.0006166529,0.0001017477,0.006447039,0.0153401,0.00159152,0.0006180002,2.969873E-07,0.01619391,0.00237191,0.0004621993,0.00343804,0.06599034,0.0459417,0.0734176,0.02463987,0.0285008,0.002592998
29,8.904788E-05,0.0002100907,4.229136E-05,0.0006586322,1.702479E-05,0.0001760644,7.775356E-05,0.01322929,0.001283312,0.05004829,0.006097886,0.009980558,0.00431832,0.003371626,0.001260513,0.0001833326,7.792346E-07,5.363081E-05,6.12387E-05,0.000158705,0.001761729,0.001884311,1.425946E-09,0.0001614278,5.868459E-05,0.0004842349,0.001444166,1.183458E-09,9.794306E-06,0.001805439,0.001300627,0.0006155327,0.002473632,0.005349921,0.01376446,0.0005861051,0.002079279,0.0004377647,0.005824225,0.01130376,0.002265545,0.009407789,0.0002504315,0.001079043,0.009193804,0.0001035976,0.0004352187,0.0006167327,3.228147E-05,0.001472286,0.003603312,0.0008029088,0.0001142014,3.020461E-07,0.01629399,0.002436386,0.0004757027,0.003789332,0.08916952,0.03491671,0.07052581,0.02572476,0.03003103,0.002664231
30,0.0001111335,0.0002312875,5.359568E-05,0.0006733173,2.113991E-05,0.0002509914,7.77256E-05,0.01375521,0.001474231,0.05345323,0.006600114,0.01017284,0.004688642,0.003674268,0.001073373,0.0001747083,1.116116E-06,6.106769E-05,6.164736E-05,0.000151257,0.000970069,0.001438131,1.335076E-09,0.0001643786,3.277115E-05,0.0004805398,0.001450908,1.140767E-09,9.169196E-06,0.001940669,0.001469097,0.0003643253,0.002452926,0.00567012,0.01458838,0.0005861626,0.002040042,0.0004345558,0.006147137,0.01217198,0.002382497,0.009962111,0.0003023556,0.0009057606,0.009285769,0.0001012918,0.0004400042,0.0006476864,1.702411E-05,0.003101288,0.01139442,0.001835717,0.0003042975,3.550097E-07,0.01804353,0.00240154,0.0004789371,0.002985649,0.08858923,0.044144,0.0832327,0.02680989,0.03248828,0.002598253
31,0.0001554035,0.0002701599,6.272859E-05,0.0006913855,2.359407E-05,0.0002303936,7.7721E-05,0.01442226,0.00169269,0.05796935,0.007118873,0.0103922,0.004298345,0.00335843,0.001383879,0.0001965898,7.198072E-07,4.909853E-05,6.380105E-05,0.0001394282,0.0007940826,0.00126672,1.162209E-09,0.0001506216,2.043584E-05,0.0004797364,0.001458945,1.181165E-09,3.946228E-06,0.001468092,0.00101955,0.0003313924,0.002385684,0.005170789,0.01388814,0.0005869693,0.002064089,0.0004066814,0.005304784,0.01245207,0.00231745,0.01001737,0.0002405461,0.0009401624,0.008726084,0.0001003963,0.0004133554,0.0005903449,6.035733E-05,0.0056971,0.0123246,0.003799981,0.0005785372,3.173012E-07,0.01694808,0.002262845,0.0005044288,0.003423486,0.06079418,0.03810151,0.06247817,0.02580588,0.03059744,0.002632449
32,0.0001080825,0.0003125827,4.942916E-05,0.0007113664,2.107536E-05,0.0002133792,7.717619E-05,0.01503344,0.001942852,0.06208709,0.00759154,0.01057795,0.004210748,0.002766398,0.001615797,0.0003893196,1.290651E-06,7.065949E-05,6.190304E-05,0.0001308123,0.0004696952,0.001918937,1.159939E-09,0.0001285112,2.116208E-05,0.0004846914,0.001356936,1.385462E-09,3.894138E-06,0.002209831,0.001392419,0.0002529259,0.002166142,0.005100617,0.01347817,0.0005906169,0.002014627,0.0003937645,0.005135125,0.01198391,0.002288697,0.009997833,0.0002560766,0.001461538,0.008533913,9.256657E-05,0.0004032455,0.0006014456,8.219122E-05,0.009853204,0.0176474,0.002581832,0.0009502114,2.987094E-07,0.01566795,0.002224488,0.0005120427,0.002626288,0.0889106,0.02753126,0.06894797,0.02607149,0.029388,0.002534366
33,0.0001628272,0.0003613524,5.914004E-05,0.000730066,2.67327E-05,0.0002175002,7.517061E-05,0.01559506,0.002253852,0.06614167,0.008222267,0.01082165,0.004163295,0.003037323,0.001397155,0.0002483655,6.459496E-07,4.822767E-05,5.971508E-05,0.0001620626,0.0007062724,0.002583132,1.284642E-09,0.0001325871,1.67888E-05,0.0004838099,0.001395264,1.49043E-09,4.523258E-06,0.002525,0.0009963519,0.0004054622,0.00213981,0.005048884,0.01373685,0.000588587,0.001913091,0.0004018745,0.005573928,0.01240523,0.002335175,0.01017642,0.0002545696,0.0009492878,0.008856802,9.163946E-05,0.0004214478,0.0006199324,3.317225E-05,0.001505247,0.005667233,0.0009359922,0.0002214231,3.183955E-07,0.01679871,0.001935437,0.0004817297,0.00279797,0.0736573,0.05112378,0.06846798,0.02595081,0.03099221,0.002619063
34,0.0001738802,0.0004222265,6.06057E-05,0.0007504135,2.421107E-05,0.0002293033,7.339552E-05,0.01622407,0.002610757,0.07062792,0.009003183,0.01117051,0.004254438,0.003521098,0.001565437,0.0001680777,1.303699E-06,7.0404E-05,5.853677E-05,0.0001871281,0.0008502461,0.002728904,1.146679E-09,0.0001429009,4.820106E-05,0.0004798352,0.001456148,1.581934E-09,5.355087E-06,0.003049324,0.001023837,0.0005085192,0.002252077,0.005087601,0.01351883,0.0005848112,0.001879919,0.0004062334,0.005716605,0.01206545,0.00229502,0.00984387,0.0002441004,0.001597439,0.009253579,9.784624E-05,0.000435444,0.0006045575,2.204473E-05,0.002307505,0.005554429,0.001165091,0.000204541,3.164245E-07,0.0171454,0.001982604,0.0004883556,0.004458319,0.08840621,0.03373953,0.07000244,0.02484554,0.02894986,0.002556455
35,9.451407E-05,0.0004756794,5.916325E-05,0.0007750531,2.173232E-05,0.0002359574,7.247508E-05,0.01683121,0.002970733,0.07534129,0.00967377,0.01150133,0.004257762,0.003432698,0.001601489,0.0001788682,6.624446E-07,5.277701E-05,5.733018E-05,0.0001899246,0.0006453768,0.002419771,1.077863E-09,0.0001456272,3.124267E-05,0.0004734377,0.001385101,1.533162E-09,5.040237E-06,0.002013017,0.001041895,0.0004069871,0.002193309,0.004980266,0.0131576,0.0005818765,0.001863869,0.0003883964,0.005338163,0.0114076,0.002200232,0.009578749,0.000248632,0.001269186,0.008934995,9.512008E-05,0.0004174799,0.000584912,3.024094E-05,0.001994322,0.007298528,0.001176472,0.0001996086,2.94239E-07,0.01573097,0.00213813,0.000511063,0.003649582,0.1039476,0.04889712,0.06908111,0.0254663,0.02680914,0.002559087
36,9.015293E-05,0.000473769,6.641426E-05,0.0008039212,2.589114E-05,0.0002357127,7.159987E-05,0.01747915,0.00337114,0.08038706,0.01027863,0.01178325,0.004069096,0.003740768,0.001572885,0.0004444197,1.045133E-06,7.626696E-05,5.541378E-05,0.0001849172,0.0006791163,0.00251493,1.15248E-09,0.0001433985,3.467534E-05,0.0004701719,0.001326826,1.527428E-09,7.031849E-06,0.002688483,0.001050798,0.0004270964,0.002102852,0.004959031,0.01324962,0.0005797597,0.001868863,0.0003767665,0.005166054,0.01097212,0.002132981,0.009476226,0.0002477403,0.001247996,0.008594537,9.110075E-05,0.0004092531,0.0005755132,0.0001098212,0.007176658,0.01284445,0.002708679,0.0004346171,2.917293E-07,0.01519224,0.002275114,0.0005025279,0.00314893,0.09916837,0.05791095,0.06655201,0.0257601,0.02777766,0.002594849
37,5.701915E-05,0.0005136736,7.236729E-05,0.0008378372,2.696016E-05,0.0002423729,7.089804E-05,0.0181959,0.00384948,0.08654425,0.01100426,0.01214517,0.003992155,0.00357583,0.00167569,0.0002349842,7.741523E-07,5.136546E-05,5.679778E-05,0.0002135696,0.0009842819,0.002653482,1.265113E-09,0.0001513004,3.895217E-05,0.0004732687,0.001435092,1.691228E-09,9.261931E-06,0.002790319,0.001085311,0.0004544962,0.002292142,0.00476574,0.01354652,0.0005782659,0.001840078,0.0003755724,0.005237284,0.0115402,0.00205041,0.009466937,0.0002461248,0.001394812,0.008625249,0.0001030008,0.0004080052,0.0005666025,7.272329E-05,0.003648459,0.01221699,0.001331045,0.000357964,2.914221E-07,0.01567462,0.002284262,0.0005200076,0.004593723,0.09842209,0.05033688,0.07168692,0.02656678,0.02966534,0.002723539
