Year,Blacktip shark,Blacktip shark,Dusky shark,Dusky shark,Sandbar shark,Sandbar shark,Large coastal sharks,Large coastal sharks,Large oceanic sharks,Large oceanic sharks,Atlantic sharpnose shark,Atlantic sharpnose shark,Small coastal sharks,Small coastal sharks,Yellowfin tuna,Yellowfin tuna,Bluefin tuna,Bluefin tuna,Other tunas,Other tunas,Billfish,Billfish,Swordfish,Swordfish,Pelagic coastal piscivores,Pelagic coastal piscivores,Amberjack,Amberjack,Cobia,Cobia,King mackerel (0-1yr),King mackerel (1+yr),King mackerel (1+yr),Spanish mackerel (0-1yr),Spanish mackerel (1+yr),Spanish mackerel (1+yr),,Skates-rays,Skates-rays,Gag grouper (0-3yr),Gag grouper (3+yr),Gag grouper (3+yr),Red grouper (0-3yr),Red grouper (3+yr),Red grouper (3+yr),Yellowedge grouper (0-3yr),Yellowedge grouper (3+yr),Yellowedge grouper (3+yr),Goliath grouper,Goliath grouper,Deep-water grouper,Shallow-water grouper,Shallow-water grouper,Red snapper (0yr),Red snapper (1-2yr),Red snapper (1-2yr),Red snapper (3+yr),Red snapper (3+yr),Vermilion snapper,Vermilion snapper,Mutton snapper,Mutton snapper,Other snapper,Other snapper,Inshore coastal piscivores,Sea trout,Sea trout,Oceanic piscivores,Oceanic piscivores,Benthic piscivores,Benthic piscivores,Reef piscivores,Reef piscivores,Reef invertebrate feeders,Reef invertebrate feeders,Demersal coastal invertebrate feeders,Demersal coastal invertebrate feeders,Red drum,Red drum,Benthic coastal invertebrate feeders,Benthic coastal invertebrate feeders,Tilefish,Tilefish,Gray triggerfish,Gray triggerfish,Coastal omnivores,Coastal omnivores,Reef omnivores,Surface pelagics,Sardine-herring-scad,Sardine-herring-scad,Menhaden (0yr),Menhaden (1yr),Menhaden (1yr),Menhaden (2yr),Menhaden (2yr),Menhaden (3yr),Menhaden (3yr),Menhaden (4yr),Menhaden (4yr),Anchovy-silverside-killifish,Mullet,Butterfish,Cephalopod,Pink shrimp,Pink shrimp,Brown shrimp,Brown shrimp,White shrimp,White shrimp,Crab,Crab,Mobile epifauna,Mobile epifauna
weight,1,1,1,1,1,1,1,1,1,1,1,1,1,1,1,1,1,1,1,1,1,1,1,1,1,1,1,1,1,1,1,1,1,1,1,1,,1,1,1,1,1,1,1,1,1,1,1,1,1,1,1,1,1,1,1,1,1,1,1,1,1,1,1,1,1,1,1,1,1,1,1,1,1,1,1,1,1,1,1,1,1,1,1,1,1,1,1,1,1,1,1,1,1,1,1,1,1,1,1,1,1,1,1,1,1,1,1,1,1,1,1,1,1
Poolcode,6,6,7,7,8,8,9,9,10,10,11,11,12,12,13,13,14,14,15,15,16,16,17,17,18,18,19,19,20,20,21,22,22,23,24,24,,25,25,26,27,27,28,29,29,30,31,31,32,32,33,34,34,35,36,36,37,37,38,38,39,39,40,40,41,42,42,43,43,44,44,45,45,46,46,47,47,48,48,49,49,50,50,51,51,52,52,53,54,57,57,58,59,59,60,60,61,61,62,62,63,64,65,66,67,67,68,68,69,69,70,70,72,72
Type,0,6,0,6,0,6,0,6,0,6,0,6,0,6,0,6,0,6,0,6,0,6,0,6,0,6,0,6,0,6,0,0,6,0,0,6,,6,0,0,0,6,0,0,6,0,0,6,0,6,6,0,6,0,0,6,0,6,0,6,0,6,0,6,6,6,0,6,0,6,0,6,0,6,0,6,0,0,6,6,0,0,6,0,6,6,0,6,6,6,0,0,0,6,0,6,0,6,0,6,0,6,0,0,0,6,0,6,0,6,0,6,0,6
1980,,,1.661,0.000162,1.898,1.20E-05,1.044,0.00026,1.41,,1.337,0.000208,1.494,1.20E-05,,,,1.50E-05,,0.00153,,,,0.00278,,0.00987,2.13,0.0046,1.117,0.00271,0.369,1.143,0.00676,1.05,1.144,0.00822,1,0.000339,,0.676,0.831,0.00426,,,,1.004,1.961,0.00127,0.744,0.000296,0.000176,,,1.448,0.641,0.00458,0.611,0.0106,1.554,0.000919,,,,0.00103,0.017,0.0215,,0.000368,,,,1.00E-06,,0.00319,,0.0383,,,0.00401,7.40E-05,,1.888,4.10E-05,1.604,0.00204,0.00011,,4.00E-06,0.000322,0.00759,,,0.765,0.759,1.225,1.254,1.408,0.216,0.965,0.0317,,0.043,,,,,,,,,,0.0628,,0.0343
1981,1.062,0.000794,1.661,0.000195,1.889,3.70E-05,1.05,0.000522,1.4,,1.332,0.0048,1.462,3.80E-05,,,,3.80E-05,,0.000554,,0.000661,,0.0019,,0.0149,1.923,0.00268,1.075,0.00227,0.474,1.096,0.00607,1.053,1.16,0.0103,1.253041363,0.000291,,0.658,0.845,0.00411,,,,1.02,1.907,0.00399,0.797,0.000268,0.00115,,0.00168,1.799,1.033,0.00663,0.499,0.00901,1.531,0.000991,1.098,0.00206,,0.00201,0.0186,0.0388,,0.00029,,0.00151,,0.00484,,0.0121,,0.0529,,,0.0135,0.00011,,1.864,0.000362,1.541,0.00409,0.00253,,8.30E-05,0.000317,0.00813,,,1.453,1.041,0.721,0.576,1.13,0.134,1.242,0.0315,,0.0496,,,,,,,,,,0.0622,,0.0288
1982,1.062,0.000968,1.644,0.000217,1.845,0.000121,1.032,0.000989,1.39,1.10E-05,1.32,0.000253,1.423,0.000123,,0.000312,,4.70E-05,,0.000407,,1.60E-05,,0.00215,9.50E-05,0.0178,2.027,0.00681,1.078,0.0036,1.174,1.039,0.0072,1.038,1.076,0.0131,1.593673966,0.000519,0.00559,1.054,0.834,0.00512,,,,0.98,1.744,0.00662,0.508,0.00189,0.00154,,0.00195,1.015,1.575,0.00873,0.396,0.00582,1.514,0.00163,1.119,0.00213,0.00934,0.00259,0.0244,0.0449,0.0138,0.000449,,0.00193,0.0757,0.000618,,0.0121,0.0661,0.0566,0.0431,,0.0165,0.00237,0.0996,1.783,0.000442,1.399,0.00403,0.00173,0.0403,0.000137,0.000237,0.0121,0.00236,,1.41,1.213,1.495,1.378,0.916,0.126,1.408,0.0415,0.00286,0.0415,0.0001,0.00727,,,,,,,0.0186,0.0541,0.0254,0.0269
1983,1.058,0.000477,1.626,0.000257,1.806,0.00053,1.021,0.000464,1.39,,1.312,0.00235,1.38,0.00019,,0.000224,,0.00012,,0.000483,,1.30E-05,,0.0013,0.0038,0.0179,1.837,0.00407,0.895,0.00258,0.345,0.974,0.00717,1.019,0.983,0.00886,1.077858881,0.000594,0.00586,1.13,0.844,0.00571,,,,0.973,1.475,0.00509,0.408,0.000255,0.000511,,0.00396,0.468,1.443,0.00877,0.419,0.00888,1.489,0.00119,1.086,0.00236,0.00637,0.00314,0.0277,0.0478,0.0524,0.000495,0.00708,0.00515,0.0786,0.000811,0.00107,0.0143,0.0472,0.0593,0.279,,0.0216,0.00275,0.171,1.688,0.000341,1.282,0.00263,0.00181,0.0419,4.60E-05,3.80E-05,0.00952,0.0102,,1.032,1.14,1.386,1.533,1.61,0.268,1.057,0.0377,0.00337,0.0412,0.00656,0.0269,,,,,,,0.0394,0.0593,0.057,0.0251
1984,1.058,0.000636,1.609,0.000228,1.739,0.000126,1.021,0.000489,1.38,0.000107,1.245,0.000291,1.35,0.000192,,0.00126,,0.000257,,0.000336,,4.80E-05,,0.00128,0.00412,0.0178,1.824,0.00365,0.694,0.00217,0.521,0.921,0.0077,1.011,0.947,0.00725,0.881995134,0.000568,0.00157,0.795,0.875,0.0037,,,,0.922,1.279,0.00406,0.445,0.000216,0.000191,,0.00108,0.341,0.789,0.0025,0.48,0.00976,1.477,0.00264,1.059,0.00238,0.0114,0.00655,0.0265,0.0445,0.0505,0.000516,0.0119,0.00111,0.0669,0.000249,0.00152,0.0139,0.0413,0.0477,0.297,,0.0232,0.0006,0.143,1.615,0.000442,1.238,0.00124,0.00233,0.0294,7.30E-05,4.10E-05,0.0106,0.0221,,1.169,1.668,0.935,1.225,1.113,0.221,1.252,0.0534,0.0115,0.0422,0.0652,0.0224,0.489,0.0072,0.647,0.12,1.716,0.082,0.0457,0.0826,0.0321,0.0264
1985,1.054,0.000843,1.591,0.000205,1.686,5.30E-05,1.009,0.00144,1.37,,1.247,0.000283,1.325,0.000103,,0.00476,,0.000218,,0.000369,,0.000165,,0.00205,0.00113,0.0131,1.807,0.00544,0.785,0.00268,0.776,0.858,0.00607,1.413,0.952,0.0056,0.681265207,0.00184,0.0073,0.777,0.971,0.00649,,,,0.963,1.132,0.00302,0.421,0.000424,0.00205,,0.00232,0.482,0.413,0.000605,0.547,0.0125,1.432,0.00325,0.973,0.000688,0.0182,0.0032,0.024,0.0422,0.0619,0.000464,0.018,0.00279,0.0666,0.000833,0.00133,0.0153,0.0581,0.0526,0.174,,0.0219,0.000575,0.11,1.528,0.000408,1.269,0.00111,0.00093,0.0451,0.000213,0.00043,0.0112,0.00918,,1.698,1.756,0.944,0.997,0.494,0.0782,0.65,0.022,0.00771,0.0375,0.011,0.0146,1.131,0.023,0.876,0.127,1.061,0.0862,0.0441,0.0828,0.0388,0.0255
1986,1.05,0.00355,1.574,0.000195,1.638,0.00026,1.009,0.00149,1.34,2.00E-06,1.243,0.00472,1.265,5.80E-05,,0.0113,,0.000371,,0.00331,,0.000314,,0.00144,0.000858,0.0187,1.681,0.0085,0.661,0.00272,0.697,0.81,0.00652,0.882,1.057,0.018,2.189781022,0.000644,0.00497,0.767,0.936,0.00594,0.937,1.046,0.0161,1.064,1.031,0.00208,0.23,0.000214,0.00126,,0.0102,0.566,0.394,0.000477,0.531,0.0121,1.381,0.00401,1.01,0.00155,0.00531,0.00271,0.0262,0.0532,0.0347,0.00044,0.0036,0.00468,0.0487,0.000732,0.00459,0.0126,0.0423,0.0574,0.0508,,0.0358,0.00046,0.0618,1.447,0.000487,1.36,0.00236,0.00143,0.0405,9.90E-05,0.000465,0.016,0.00612,,1.043,0.985,1.577,1.558,0.828,0.122,0.461,0.0146,0.00417,0.0454,0.01,0.011,0.882,0.017,0.926,0.144,0.817,0.104,0.0291,0.0777,0.0178,0.0404
1987,1.042,0.00291,1.539,0.00036,1.575,0.0001,1.003,0.00068,1.31,5.80E-05,1.229,0.00227,1.206,6.70E-05,,0.0135,,0.000585,,0.000952,,0.000652,,0.00224,0.00252,0.0172,1.453,0.0103,0.765,0.00251,0.347,0.766,0.00515,0.696,0.864,0.00818,0.99513382,0.00051,0.00459,0.871,0.858,0.00431,0.937,0.967,0.0122,1.181,0.974,0.00176,0.164,0.000221,0.000665,,0.006,0.356,0.484,0.000472,0.483,0.0104,1.316,0.00425,1.002,0.00239,0.00664,0.00296,0.0273,0.0459,0.0149,0.000478,0.000598,0.00104,0.0461,0.000945,0.00301,0.017,0.042,0.0568,0.0291,,0.0205,0.00057,0.0534,1.361,0.000786,1.453,0.00153,0.00133,0.028,4.40E-05,0.000401,0.0153,0.0081,,1.207,1.46,0.998,1.175,1.54,0.273,0.75,0.0285,0.00572,0.0386,0.0164,0.0107,0.739,0.0148,0.65,0.135,0.54,0.0782,0.0143,0.115,0.0135,0.0331
1988,1.034,0.00584,1.504,0.000258,1.505,0.00022,0.997,0.00136,1.29,0.000204,1.148,0.00426,1.061,9.20E-05,,0.0252,,0.000443,,0.000718,,0.000397,,0.00334,0.00231,0.019,1.134,0.00715,0.736,0.00294,0.81,0.739,0.00616,0.809,0.757,0.00675,0.821167883,0.000693,0.00288,0.498,0.95,0.00519,0.933,0.964,0.0122,0.988,0.937,0.00241,0.0847,0.000209,0.0008,,0.00618,0.55,0.44,0.000944,0.457,0.0116,1.261,0.00506,0.933,0.00194,0.00839,0.00201,0.0214,0.0403,0.011,0.000338,0.00277,0.00184,0.0419,0.00055,0.00111,0.0211,0.0379,0.0505,,,0.0124,0.000682,0.0585,1.223,0.00139,1.544,0.00449,0.00156,0.0285,6.10E-05,0.000742,0.0143,0.00921,,0.677,0.752,1.055,1.171,0.702,0.117,1.037,0.0371,0.00381,0.0414,0.00678,0.00996,0.859,0.013,0.532,0.119,0.518,0.0661,0.0134,0.116,0.0203,0.0326
1989,1.026,0.00575,1.451,0.00014,1.404,5.20E-05,0.991,0.000229,1.26,0.0001,1.115,0.00237,1.045,0.000426,,0.0185,,0.000202,,0.000467,,0.000445,,0.00338,0.00185,0.0199,1.018,0.00883,0.673,0.00281,1.137,0.698,0.00699,1.313,0.744,0.007,0.851581509,0.00125,0.00447,0.497,0.88,0.00466,0.933,0.952,0.021,0.86,0.876,0.00113,0.0424,0.00014,0.000537,,0.00536,1.264,0.404,0.000604,0.412,0.00952,1.203,0.00373,0.886,0.00175,0.00721,0.00298,0.02,0.0378,0.0361,0.000312,0.00866,0.00119,0.0639,0.000279,0.00373,0.0265,0.0578,0.0403,0.0201,,0.0167,0.000393,0.084,0.975,0.000665,1.506,0.00525,0.00144,0.0406,0.000106,0.000751,0.022,0.00546,,0.752,0.976,0.613,0.756,0.842,0.157,0.619,0.0247,0.00647,0.0435,0.0101,0.0202,0.764,0.0124,0.441,0.138,0.487,0.0535,0.0185,0.0815,0.0203,0.0366
1990,1.018,0.00318,1.399,0.000206,1.298,1.70E-05,0.991,0.000232,1.24,3.40E-05,1.117,0.00188,0.975,0.000136,,0.0117,,0.000321,,0.00063,,0.000287,,0.00163,0.00229,0.0238,0.786,0.0027,0.856,0.00206,1.332,0.666,0.00528,1.294,0.822,0.00702,0.854014599,0.00146,0.00436,0.624,0.839,0.00463,0.933,0.784,0.00968,0.855,0.869,0.00128,0.0238,1.50E-05,0.000991,,0.003,0.917,0.805,0.000761,0.366,0.00633,1.175,0.00513,0.872,0.0013,0.0101,0.00252,0.021,0.0241,0.0309,0.000286,0.0137,0.00146,0.0613,0.00123,0.00307,0.0207,0.045,0.0268,0.0173,,0.0119,0.000394,0.0627,0.878,0.000526,1.416,0.00764,0.00136,0.0393,1.90E-05,0.000655,0.0129,0.00876,,0.827,0.936,0.637,0.717,0.385,0.0651,0.535,0.0194,0.00404,0.0454,0.0208,0.0122,0.71,0.0107,0.545,0.151,0.644,0.0647,0.00764,0.0855,0.0149,0.0276
1991,1.01,0.00345,1.346,0.00016,1.203,0.00126,0.985,0.000347,1.21,0.000112,1.112,0.00128,0.927,4.60E-05,,0.00832,,0.000383,,0.00112,,0.000339,,0.00235,0.00156,0.0279,1.006,0.00795,1.096,0.00258,0.99,0.689,0.00776,1.456,0.891,0.0085,1.03406326,0.000757,0.00833,0.97,0.756,0.00456,0.932,0.785,0.0104,0.897,0.855,0.00114,0.0662,1.00E-06,0.000607,,0.00269,1.172,1.076,0.00167,0.381,0.00606,1.137,0.00517,0.894,0.0019,0.0112,0.00372,0.0192,0.0369,0.0342,0.000311,0.0133,0.00192,0.0627,0.000602,0.00359,0.0237,0.0582,0.0305,0.0549,,0.0156,0.000324,0.052,0.817,0.000313,1.252,0.00558,0.00168,0.0461,4.40E-05,0.00109,0.0163,0.00292,,0.65,0.793,0.743,0.879,0.494,0.0882,0.327,0.0125,0.00487,0.0435,0.00935,0.0125,0.698,0.00947,0.666,0.128,0.637,0.067,0.00389,0.0964,0.015,0.0289
1992,1.002,0.0037,1.294,0.000137,1.125,0.00101,0.985,0.00057,1.19,0.000209,1.104,0.00318,0.859,0.000185,,0.0137,,0.000251,,0.00118,,0.000216,,0.00224,0.000627,0.022,0.778,0.00521,1.161,0.00327,1.062,0.714,0.00902,0.589,0.975,0.0105,1.277372263,0.000729,0.00564,0.551,0.849,0.00464,0.931,0.777,0.0101,0.918,0.85,0.00153,0.175,,0.000496,,0.00219,0.8,0.976,0.00127,0.501,0.0103,1.103,0.00651,0.875,0.00254,0.00768,0.00281,0.0175,0.0288,0.0323,0.00025,0.00731,0.00149,0.0595,0.000685,0.00229,0.0244,0.0539,0.0261,0.0547,,0.0247,0.000649,0.0524,0.803,0.000311,1.147,0.00474,0.00175,0.0401,4.10E-05,0.000911,0.0162,0.00245,,0.413,0.557,0.566,0.715,0.516,0.0988,0.339,0.0139,0.00205,0.0414,0.00902,0.00765,0.834,0.00872,0.609,0.101,0.597,0.0702,0.00206,0.102,0.0152,0.0519
1993,0.994,0.00284,1.241,0.000133,1.048,0.000863,0.979,0.000337,1.16,0.000109,1.071,0.00343,0.826,0.000222,1.13,0.0101,0.48,0.000144,0.15,0.00208,1.5,0.000448,0.76,0.00195,0.00174,0.0197,0.736,0.00559,1.076,0.00313,1.377,0.733,0.00865,0.779,0.832,0.00786,0.95620438,0.000561,0.00773,0.654,0.842,0.00613,0.932,0.774,0.0107,1.177,0.828,0.00114,0.305,,0.000446,0.109,0.00186,0.925,0.94,0.00199,0.55,0.0131,1.036,0.00628,0.829,0.00192,0.00929,0.00296,0.0189,0.03,0.042,0.000335,0.0155,0.00123,0.0542,0.000815,0.00344,0.0256,0.0527,0.0278,0.128,,0.0255,0.000444,0.0563,0.799,0.000416,1.054,0.0045,0.00192,0.046,3.30E-05,0.00133,0.0176,0.00608,,0.951,1.265,0.344,0.431,0.333,0.0632,0.307,0.0125,0.00338,0.0473,0.0168,0.00865,0.835,0.0136,0.518,0.0997,0.572,0.0572,0.00752,0.0959,0.0234,0.054
1994,0.986,0.0021,1.171,0.000197,0.988,0.00165,0.979,0.000491,1.12,6.10E-05,1.034,0.00376,0.809,0.00032,1.56,0.00686,0.28,0.000124,0.29,0.00143,0.99,0.000281,1.98,0.00147,0.00116,0.0192,0.611,0.00436,1.215,0.0032,1.248,0.76,0.0111,0.4,0.774,0.00814,0.99026764,0.000573,0.00387,1.007,0.77,0.00511,0.925,0.769,0.00953,1.267,0.825,0.00157,0.405,,0.000367,1.09,0.0017,0.935,0.78,0.00066,0.589,0.0126,0.972,0.00581,0.814,0.00135,0.0112,0.00277,0.0229,0.037,0.0356,0.000472,0.0102,0.00125,0.0569,0.000544,0.00199,0.0229,0.0636,0.0345,0.0603,,0.0236,0.000478,0.0507,0.773,0.000568,0.951,0.00406,0.00226,0.0431,6.30E-05,0.0013,0.017,0.0059,,0.867,1.296,0.796,1.072,0.207,0.0424,0.211,0.00924,0.00355,0.0435,0.0171,0.00706,0.814,0.0144,0.537,0.0984,0.495,0.0673,0.00261,0.078,0.019,0.0447
1995,0.982,0.00252,1.119,0.000197,0.902,0.00211,0.979,0.000401,1.08,0.000142,0.972,0.00782,0.779,0.000298,0.83,0.0051,0.59,8.50E-05,0.23,0.00167,0.92,0.000262,0.75,0.00207,0.000779,0.0204,0.569,0.0029,1.275,0.00243,1.643,0.773,0.0112,0.867,0.628,0.0053,0.644768856,0.000393,0.0121,1.426,0.742,0.00588,0.956,0.786,0.00924,1.422,0.807,0.00124,0.458,,0.000346,0.981,0.00152,1.29,0.867,0.000457,0.598,0.0119,0.854,0.00585,0.832,0.00138,0.0113,0.00256,0.015,0.0304,0.0479,0.000331,0.0155,0.00125,0.0694,0.00041,0.00334,0.0239,0.0539,0.0274,0.0455,,0.0371,0.000336,0.0523,0.735,0.000693,0.859,0.00433,0.00243,0.0426,3.70E-05,0.00153,0.00929,0.00348,,0.611,0.688,0.683,0.766,0.384,0.0647,0.11,0.00396,0.00782,0.0333,0.00805,0.00446,0.962,0.0203,0.561,0.113,0.668,0.0721,0.000554,0.0797,0.0151,0.0394
1996,0.974,0.00226,1.049,0.000234,0.838,0.00163,0.979,0.000635,1.04,0.00014,0.92,0.00404,0.765,0.000259,1.43,0.00686,0.41,7.20E-05,0.38,0.00145,1.42,0.000281,1.43,0.00289,0.00128,0.0158,0.599,0.00401,1.437,0.00356,0.933,0.803,0.00936,0.916,0.656,0.00405,0.49270073,0.000285,0.0113,0.991,0.883,0.00526,0.526,0.809,0.00814,1.016,0.812,0.000788,0.487,,0.00027,1.199,0.00148,0.9,1.06,0.00041,0.631,0.0127,0.766,0.0037,0.845,0.00122,0.00909,0.00232,0.0139,0.0289,0.041,0.000281,0.0109,0.00144,0.0554,0.000774,0.00171,0.0183,0.0487,0.0264,0.132,,0.0347,0.000335,0.0475,0.685,0.000308,0.773,0.00239,0.00193,0.0325,5.00E-06,0.00125,0.0104,0.00514,1.471,1.001,0.742,0.55,0.687,0.535,0.101,0.274,0.0111,0.00282,0.0256,0.0254,0.00884,1.015,0.0279,0.693,0.109,0.612,0.0525,,0.0914,0.0221,0.051
1997,0.97,0.00212,0.979,0.000194,0.783,0.000879,0.985,0.000719,0.99,7.50E-05,0.891,0.00279,0.756,0.00026,1.12,0.00776,0.65,5.40E-05,0.22,0.00174,1.14,0.000294,0.95,0.00245,0.00119,0.0274,0.513,0.00289,1.505,0.00444,1.03,0.859,0.00999,0.734,0.723,0.00417,0.50729927,0.000494,0.00912,1.35,0.993,0.00598,1.706,0.85,0.00915,0.932,0.832,0.00106,0.508,,0.000442,2.071,0.00175,0.977,1.134,0.000801,0.658,0.0149,0.722,0.00463,0.868,0.000943,0.00836,0.00233,0.017,0.0306,0.0429,0.000376,0.0124,0.00125,0.0359,0.000823,0.00164,0.0206,0.0486,0.0298,0.109,,0.036,0.000228,0.0555,0.719,0.000493,0.756,0.00213,0.00241,0.0429,1.40E-05,0.000905,0.0124,0.019,0.59,0.922,0.665,1.022,1.256,0.334,0.062,0.318,0.0127,0.00269,0.029,0.012,0.00637,0.773,0.0183,0.628,0.097,0.547,0.0572,0.00306,0.0939,0.0155,0.0596
1998,0.966,0.00287,0.909,0.000142,0.745,0.00103,0.985,0.00043,0.95,0.000145,0.863,0.0049,0.759,0.000214,1.27,0.00567,0.39,4.30E-05,1.34,0.00221,0.69,0.000168,0.71,0.00204,0.000622,0.0145,0.513,0.00235,1.247,0.00253,1.35,0.891,0.00938,1.382,0.742,0.0038,0.462287105,0.000264,0.0203,1.947,1.028,0.00796,0.439,0.918,0.00782,1.054,0.839,0.001,0.572,,0.000424,,0.00146,0.64,0.923,0.000372,0.711,0.0136,0.669,0.00324,0.88,0.00108,0.00994,0.00242,0.0148,0.0258,0.0333,0.000291,0.00611,0.00116,0.0303,0.000499,0.00125,0.0163,0.0369,0.0269,0.102,,0.0233,0.000209,0.042,0.713,0.000435,0.758,0.00206,0.00303,0.0377,1.00E-05,0.00121,0.0114,0.00503,0.89,0.747,0.455,0.947,1.046,0.648,0.107,0.222,0.0079,0.00436,0.0259,0.0104,0.00569,0.795,0.0247,0.514,0.116,0.657,0.0803,0.00154,0.099,0.0153,0.0603
1999,0.962,0.00263,0.822,0.000194,0.707,0.000783,0.991,0.000442,0.91,5.90E-05,0.842,0.00208,0.77,0.000123,1.2,0.00802,1.32,0.000116,0.5,0.00169,1.76,0.000487,0.7,0.00187,0.00194,0.0135,0.598,0.00249,1.168,0.00297,1.185,0.911,0.00847,0.902,0.893,0.00541,0.658150852,0.000359,0.0156,1.145,1.277,0.00777,0.434,0.976,0.0122,1.172,0.85,0.00143,0.742,,0.00065,,0.00125,1.102,0.809,0.000337,0.754,0.0133,0.631,0.00433,0.882,0.00105,0.00892,0.00204,0.0218,0.0354,0.0408,0.000384,0.0137,0.00156,0.0279,0.000251,0.00221,0.0182,0.0413,0.0306,0.0512,,0.026,0.000186,0.0413,0.74,0.000548,0.783,0.00203,0.0021,0.0322,7.00E-06,0.000887,0.0111,0.00757,0.53,1.219,0.989,0.794,1.045,0.763,0.153,0.479,0.0205,0.00509,0.0317,0.0158,0.00572,0.72,0.0116,0.676,0.119,0.606,0.0804,0.00316,0.101,0.0121,0.0466
2000,0.958,0.00332,0.752,0.000138,0.669,0.00124,0.991,0.00043,0.88,4.80E-05,0.843,0.00703,0.773,0.000312,1.04,0.00639,1.34,0.000106,0.28,0.000599,1.43,0.000316,1.16,0.00204,0.00257,0.0116,0.68,0.00301,1.103,0.00263,1.257,0.942,0.0101,1.043,0.905,0.00594,0.722627737,0.000356,0.00734,1.106,1.416,0.0103,3.545,0.925,0.0115,0.936,0.848,0.0016,1.014,,0.000583,,0.00104,1.098,0.827,0.000142,0.799,0.0145,0.638,0.00291,0.913,0.000812,0.0108,0.00255,0.0137,0.0382,0.0214,0.000429,0.00379,0.00181,0.0348,0.000404,0.00133,0.0178,0.0451,0.0333,0.0366,,0.039,0.000138,0.0357,0.762,0.000702,0.827,0.00168,0.00345,0.0361,2.00E-06,0.00108,0.0107,0.00369,0.84,1.042,0.563,1.217,1.241,0.413,0.063,0.405,0.0132,0.00851,0.0287,0.00223,0.0042,0.75,0.0106,0.69,0.142,0.682,0.103,,0.101,0.00714,0.0378
2001,0.958,0.00219,0.682,0.000126,0.645,0.00144,0.997,0.000506,0.86,4.20E-05,0.823,0.0067,0.78,0.000234,0.72,0.00542,0.95,4.80E-05,0.31,0.000962,0.49,0.000117,1.28,0.00161,0.00205,0.013,0.832,0.00326,1.004,0.00262,1.9,0.957,0.0101,0.994,0.939,0.00845,1.027980535,0.000285,0.00948,1.755,1.277,0.0104,0.44,1.007,0.0105,0.88,0.836,0.00114,1.181,,0.000585,,0.0013,0.782,1.116,0.000276,0.778,0.0147,0.687,0.00458,0.966,0.000749,0.0094,0.00286,0.0137,0.0325,0.0283,0.000292,0.0101,0.00211,0.0409,0.000384,0.00175,0.0197,0.0433,0.031,0.0959,,0.0352,0.000206,0.0639,0.763,0.000709,0.88,0.00202,0.00277,0.0328,1.40E-05,0.000865,0.012,0.00825,0.75,0.837,0.418,1.131,1.092,1.132,0.163,0.385,0.0119,0.00399,0.028,0.00994,0.00692,0.756,0.0138,0.698,0.13,0.628,0.0781,0.00989,0.0798,0.0151,0.0395
2002,0.958,0.00191,0.629,0.000136,0.62,0.00162,0.997,0.000556,0.83,2.60E-05,0.815,0.00418,0.789,0.000355,0.71,0.00659,1.35,8.30E-05,0.09,0.000713,0.62,0.000188,1.68,0.0018,0.00208,0.0118,1.015,0.00469,1.033,0.00212,1.37,0.982,0.00725,0.894,0.929,0.00678,0.824817518,0.000363,0.00948,1.553,1.319,0.0103,0.461,1.079,0.0104,0.81,0.843,0.00115,1.274,,0.000659,1.417,0.00152,0.955,0.979,0.000329,0.804,0.0164,0.712,0.00477,1.027,0.00109,0.0116,0.00274,0.0159,0.0294,0.029,0.000398,0.00736,0.00135,0.0301,0.000254,0.00166,0.0175,0.0447,0.0297,0.0595,,0.0312,0.000252,0.0393,0.761,0.000792,0.901,0.00275,0.00287,0.0343,8.00E-06,0.00108,0.0113,0.00283,0.48,0.931,0.593,0.919,1.045,1.144,0.196,1.019,0.0374,0.00424,0.0222,0.00614,0.00503,0.694,0.0153,0.525,0.108,0.52,0.0781,0.00173,0.0966,0.0111,0.0366
2003,0.958,0.00285,0.594,0.000124,0.592,0.00138,1.003,0.000514,0.81,3.10E-05,0.78,0.00353,0.799,0.000253,0.74,0.00694,1.51,0.000122,0.12,0.00112,0.49,8.70E-05,1.34,0.00168,0.00187,0.0126,1.041,0.00651,0.982,0.00312,1.949,1.066,0.00739,1.148,0.936,0.00625,0.760340633,0.000294,0.00366,1.438,1.375,0.00952,2.167,1.134,0.00875,0.958,0.846,0.0017,1.345,,0.000809,,0.00184,1.05,0.839,0.000202,0.821,0.0152,0.722,0.00536,1.054,0.00133,0.0138,0.0035,0.0153,0.0309,0.0313,0.0003,0.0101,0.00168,0.055,0.000389,0.00197,0.019,0.0575,0.0291,0.0485,,0.0355,0.000226,0.0501,0.744,0.000586,0.877,0.0033,0.00308,0.037,8.00E-06,0.00129,0.0114,0.00533,0.75,0.615,0.399,0.981,1.13,0.697,0.121,0.881,0.0327,0.00384,0.023,0.000629,0.00988,0.889,0.0145,0.557,0.123,0.514,0.0893,0.00476,0.0935,0.0184,0.0329
2004,0.958,0.00209,0.577,0.000112,0.575,0.00115,1.003,0.00059,0.79,5.10E-05,0.781,0.00392,0.828,0.000382,1.04,0.00565,1.1,0.000198,1.07,0.00142,0.61,0.000136,0.81,0.00172,0.00142,0.0127,0.849,0.00551,0.872,0.00261,1.669,1.165,0.0074,1.072,1.036,0.00743,0.903892944,0.000453,0.0171,1.54,1.401,0.0125,0.336,1.268,0.0136,0.958,0.827,0.00138,1.34,,0.00069,0.872,0.00227,1.334,0.964,0.000265,0.814,0.0168,0.729,0.00506,1.062,0.00115,0.00787,0.00392,0.0139,0.031,0.027,0.000319,0.00744,0.00187,0.0508,0.000379,0.00311,0.0214,0.0407,0.0281,0.094,,0.0382,0.000282,0.0548,0.75,0.000684,0.817,0.00389,0.00468,0.0393,3.60E-05,0.000851,0.0151,0.0071,0.5,0.944,0.631,0.646,0.757,0.725,0.128,0.557,0.0211,0.0049,0.0235,0.0131,0.00645,0.958,0.0148,0.825,0.109,0.75,0.107,0.00614,0.0887,0.0143,0.0351
2005,0.962,0.00184,0.542,0.000102,0.569,0.000965,,0.000686,0.76,5.70E-05,0.764,0.00503,0.839,0.000318,0.77,0.00464,0.99,0.000133,0.96,0.0012,1.06,8.50E-05,1.18,0.00157,0.00235,0.00716,0.693,0.00416,0.893,0.00215,1.028,1.279,0.00704,1.002,1.133,0.00553,0.672749392,0.00082,0.00731,1.107,1.378,0.00983,0.912,1.258,0.0102,0.959,0.821,0.00116,1.364,,0.00063,0.872,0.00148,1.293,1.154,0.000238,0.792,0.0131,0.722,0.0046,1.065,0.000985,0.00285,0.00296,0.0132,0.028,0.0426,0.000258,0.0129,0.00136,0.0345,0.000477,0.00162,0.0165,0.0239,0.0243,0.228,,0.0305,0.00036,0.0602,0.727,0.000869,0.735,0.00267,0.00242,0.0382,1.00E-05,0.000639,0.0109,0.00607,0.66,0.991,0.449,0.985,0.886,0.458,0.0612,0.516,0.0148,0.00408,0.0166,0.0001,0.00678,1.056,0.0128,0.934,0.0857,1.025,0.0956,0.00802,0.0731,0.00875,0.0222
2006,0.966,0.00261,0.542,0.000111,0.565,0.00145,,0.0011,0.75,3.00E-05,0.726,0.00685,0.883,0.000273,0.83,0.00466,1.39,4.40E-05,1,0.00161,0.71,0.000116,1.14,0.00107,0.00245,0.00964,0.594,0.00288,0.869,0.00235,0.786,1.387,0.00806,0.723,1.279,0.00717,0.872262774,0.000259,0.0161,0.661,0.572,0.00512,0.415,0.915,0.00978,0.958,0.823,0.00109,1.351,,0.000639,0.327,0.00133,1.412,1.339,0.000292,0.847,0.0138,0.744,0.00444,1.092,0.00144,0.00366,0.00268,0.0136,0.0345,0.0484,0.000293,0.00782,0.00124,0.0574,0.000872,0.00234,0.0108,0.038,0.0264,0.175,0.99,0.0337,0.00022,0.0599,0.654,0.000455,0.685,0.00173,0.00163,0.0357,,0.000929,0.00869,0.00609,0.88,0.657,0.313,1.104,1.03,1.096,0.152,0.511,0.0152,0.00876,0.0214,0.000223,0.00481,1.292,0.0112,1.076,0.128,1.473,0.126,0.00274,0.0981,0.0116,0.0221
2007,0.97,0.00192,0.525,0.000109,0.557,0.000542,,0.000787,0.73,3.70E-05,0.657,0.00396,0.928,0.000468,0.74,0.00501,1.19,0.000105,0.72,0.00121,0.46,0.000128,0.92,0.0015,0.00106,0.00983,0.589,0.00224,0.841,0.00265,1.398,1.44,0.0071,1.289,1.27,0.00536,0.652068127,0.000286,0.00788,0.958,0.534,0.00496,3.728,0.881,0.00717,0.958,0.828,0.0013,1.348,,0.000476,0.545,0.00139,1.172,1.443,0.000257,0.958,0.0146,0.801,0.00532,1.103,0.00175,0.00189,0.00286,0.0126,0.0319,0.0608,0.000266,0.017,0.00203,0.0454,0.000589,0.0022,0.0124,0.0238,0.0263,0.369,1.08,0.035,0.000198,0.0505,0.638,0.00047,0.66,0.00184,0.00248,0.0281,1.00E-05,0.000975,0.0065,0.0153,0.74,1.46,0.655,0.727,0.649,1.17,0.155,1.051,0.0299,0.00965,0.0166,0.0303,0.00557,1.188,0.005,2.114,0.103,1.326,0.0941,0.00368,0.0848,0.00687,0.0236
2008,0.974,0.000778,0.525,9.90E-05,0.559,6.50E-05,,0.000777,0.72,1.50E-05,0.665,0.00351,0.969,9.30E-05,0.7,0.00377,1.67,7.60E-05,0.58,0.00156,0.65,8.90E-05,0.8,0.00124,0.00363,0.00821,0.677,0.00293,0.912,0.0021,0.453,1.469,0.00801,1.009,1.403,0.00742,0.902676399,0.000585,0.00907,1.302,0.532,0.00663,1.398,1.028,0.0097,0.959,0.823,0.0012,1.425,,0.000504,0.981,0.00117,0.784,1.462,0.000176,1.112,0.00892,0.827,0.0053,1.13,0.00169,0.00537,0.00354,0.0122,0.0354,0.0716,0.000264,0.0199,0.00142,0.0509,0.000529,0.00324,0.0162,0.0361,0.0255,0.289,0.98,0.0379,0.00012,0.0406,0.607,0.000512,0.647,0.00155,0.00367,0.0399,5.00E-06,0.000769,0.00871,0.00987,0.28,1.333,0.34,1.628,0.927,0.816,0.0681,1.267,0.0227,0.00423,0.0187,0.0172,0.00652,1.664,0.00715,1.463,0.0735,2.097,0.0932,0.00457,0.0721,0.00679,0.02
2009,0.982,0.000875,0.507,0.000108,0.566,0.000242,,0.00116,0.7,2.20E-05,0.692,0.0034,1.02,0.000241,0.77,0.00389,1.52,5.60E-05,0.77,0.00221,0.75,0.000126,0.91,0.00159,0.00179,0.0106,0.731,0.00354,0.968,0.00165,0.329,1.463,0.0077,0.781,1.466,0.00719,0.874695864,0.000457,0.0131,1.192,0.536,0.00335,0.301,1.141,0.00761,0.959,0.821,0.00122,1.573,,0.000601,0.327,0.000994,1.229,1.149,0.000135,1.406,0.0107,0.835,0.00725,1.112,0.000934,0.00824,0.00322,0.0119,0.0358,0.058,0.000295,0.0237,0.00186,0.0647,0.000612,0.00146,0.0157,0.0603,0.0263,0.261,1.04,0.0327,9.80E-05,0.0528,0.558,0.000629,0.644,0.00108,0.00145,0.0445,7.00E-06,0.00119,0.00749,0.0106,1.01,0.255,0.0834,1.571,1.101,2.686,0.278,1.368,0.0304,0.00417,0.0188,0.00673,0.0071,1.66,0.00542,2.103,0.112,2.108,0.11,0.00877,0.0897,0.00744,0.0195
2010,0.986,0.0012,0.507,9.00E-05,0.571,0.000168,,0.000583,0.68,1.20E-05,,0.00402,1.053,7.80E-05,0.73,0.00105,1.15,6.50E-05,0.77,0.000671,0.67,1.50E-05,0.44,0.000703,0.00209,0.00596,0.736,0.00325,1.024,0.00217,0.629,1.413,0.00615,1.655,1.436,0.00665,0.809002433,0.0003,0.0167,0.912,0.77,0.00317,0.551,1.271,0.00633,,,,1.796,,0.00033,0.654,0.00051,0.991,1.098,5.50E-05,1.726,0.00817,0.783,0.00438,1.152,0.000871,0.00828,0.00171,0.011,0.0302,0.0772,0.000215,0.0215,0.00212,0.0682,0.000414,0.00144,0.0134,0.0568,0.0238,0.286,0.81,0.0377,0.000103,0.043,,,0.636,0.000876,0.00359,0.0303,8.00E-06,0.00121,0.00361,0.0186,1.391,1.028,0.525,0.294,0.288,2.247,0.329,3.366,0.106,0.00616,0.0179,0.0476,0.00917,1.853,0.00719,2.315,0.0662,1.753,0.0871,0.00924,0.0604,0.0107,0.022
2011,0.994,0.000737,0.507,0.000141,0.573,9.80E-05,,0.000929,0.66,1.70E-05,,0.00279,1.103,0.000415,1.47,0.0034,0.68,1.00E-05,1.39,0.000846,1.87,0.000176,1.59,0.0012,0.00191,0.00662,0.745,0.00246,0.985,0.00257,0.641,1.342,0.00691,0.789,1.648,0.00653,0.794403893,0.00031,0.0185,1.054,0.966,0.00169,0.74,1.403,0.0106,,,,2.312,,0.000302,0.872,0.000526,1.11,1.259,5.90E-05,2.058,0.0138,0.79,0.00758,1.17,0.000654,0.012,0.00251,0.015,0.0441,0.0523,0.00034,0.0256,0.00221,0.0737,0.000276,0.00175,0.0204,0.0609,0.0304,0.287,0.54,0.0427,0.000175,0.0486,,,0.621,0.00144,0.00255,0.0431,2.00E-06,0.00145,0.00443,0.0106,3.281,1.547,0.765,1.126,1.079,0.291,0.0415,2.393,0.0733,0.0042,0.0247,0.0234,0.00667,1.746,0.00599,2.141,0.106,2.637,0.0845,0.0282,0.0814,0.0123,0.0294
2012,0.998,0.00106,0.49,0.000137,0.575,1.20E-05,,0.00055,0.64,3.30E-05,,0.00344,,0.000145,1.33,0.00522,2.29,0.000104,2.6,0.00237,1.68,9.80E-05,0.89,0.00222,0.0017,0.00853,0.785,0.00257,,,0.789,1.254,0.0086,,,,0,0.000334,0.0142,1.015,1.212,0.00246,0.402,1.457,0.0142,,,,3.231,,0.000616,1.199,0.00101,1.32,1.151,5.30E-05,2.269,0.0155,0.771,0.00569,1.201,0.00104,0.0141,0.00285,0.0145,0.0401,0.028,0.000329,0.00423,0.00229,0.0556,0.000502,0.000787,0.017,0.0653,0.0322,0.171,0.39,0.0357,0.00025,0.0377,,,0.576,0.000746,0.00203,0.0453,2.00E-06,0.00105,0.00609,0.0132,1.03,1.215,0.451,1.702,1.316,1.151,0.132,0.637,0.0156,0.00228,0.0196,0.002,0.00342,1.512,0.005,2.193,0.0954,1.449,0.0993,0.0022,0.0812,0.0027,0.0198
2013,1.006,0.00249,0.49,0.000117,0.578,0.000212,,0.000958,0.62,3.50E-05,,0.00555,,0.000197,1.02,0.00385,0.58,2.70E-05,0.5,0.00163,0.99,8.50E-05,0.99,0.00172,0.00194,0.0126,0.829,0.00307,,,,,,,,,0,0.000296,0.0112,0.402,1.542,0.00324,0.645,1.403,0.0144,,,,3.416,,0.000528,2.288,0.00104,0.937,1.32,7.30E-05,2.495,0.0207,0.817,0.00576,1.197,0.00124,0.0107,0.00331,0.0143,0.0334,0.0214,0.000292,0.0125,0.0031,0.066,0.000483,0.00142,0.0174,0.0411,0.0308,0.182,1.17,0.0341,0.000108,0.0472,,,0.549,0.00133,0.00133,0.0401,2.00E-06,0.00125,0.0093,0.00804,1,1.194,0.394,1.386,0.976,2.233,0.232,1.348,0.0301,0.00549,0.0258,0.00646,0.0084,1,0.00466,1.933,0.097,1.752,0.0825,,0.0688,0.0142,0.0227
2014,1.014,0.000954,0.472,0.000181,0.581,1.10E-05,,0.000288,0.6,1.20E-05,,0.00411,,0.000194,0.85,0.00244,0.96,3.60E-05,0.54,0.0007,0.75,7.40E-05,0.6,0.000996,0.00126,0.0118,0.82,0.00287,,,,,,,,,0,0.000443,0.0137,0.717,1.605,0.00217,0.701,1.291,0.0152,,,,3.443,,0.000528,1.199,0.000873,1.179,1.29,6.80E-05,2.671,0.0133,0.867,0.00619,,,0.0107,0.00348,0.0114,0.0147,0.0256,0.000243,0.00896,0.0012,0.053,0.000408,0.000827,0.0153,0.0406,0.0232,0.182,0.88,0.0185,0.000239,0.0449,,,,,0.00214,0.0325,3.90E-05,0.00114,0.00598,0.00819,1.761,0.759,0.212,1.378,0.848,1.974,0.178,2.835,0.055,0.00265,0.0265,0.0244,0.00443,1.237,0.00556,1.386,0.0912,1.228,0.0856,0.00731,0.0761,0.00638,0.0396
2015,1.018,0.00121,0.472,0.000127,0.583,1.00E-05,,0.000248,0.58,1.00E-05,,0.00293,,7.80E-05,0.92,0.00164,0.54,9.00E-06,1.03,0.00105,1.01,8.10E-05,0.57,0.000432,0.0014,0.0133,0.842,0.00323,,,,,,,,,0,0.000313,0.0101,0.897,1.761,0.00209,1.571,0.849,0.0111,,,,,,0.000302,,0.00104,1.533,1.16,8.60E-05,2.944,0.0187,0.933,0.00517,,,0.00739,0.00286,0.0147,0.0201,0.0452,0.000298,0.0181,0.000883,0.0441,0.000686,0.00058,0.0149,0.0327,0.0269,0.21,,0.00637,0.000121,0.0451,,,,,0.00221,0.0138,3.80E-05,0.0014,0.00854,0.00382,1.151,1.12,0.54,0.889,0.835,2.167,0.304,3.12,0.0938,0.00448,0.0196,0.0276,0.0036,1.131,0.0072,1.436,0.0967,0.975,0.0808,0.00765,0.0776,0.00701,0.0353
2016,1.022,0.00079,,0.000116,,9.00E-06,,0.000232,,8.00E-06,,0.00364,,9.20E-05,1.01,0.00301,0.7,,2.05,0.00157,1.2,7.20E-05,0.58,0.000592,0.00147,0.0101,,,,,,,,,,,0,0.00102,0.00702,,,,0.707,0.782,0.00947,,,,,,0.000394,,0.00103,0.876,1.468,0.000129,3.135,0.0194,1.118,0.00553,,,0.0074,0.00335,0.015,0.0204,0.0206,0.000287,0.0215,0.00106,0.0386,0.000432,0.000944,0.0135,0.0305,0.0262,0.127,,0.00514,0.000175,0.0396,,,,,0.00114,0.0192,3.40E-05,0.00128,0.00966,0.00131,1.481,0.93,0.385,1.237,1.041,0.932,0.116,2.411,0.0646,0.00703,0.0199,0.0246,0.0068,0.788,0.00708,1.124,0.0744,0.877,0.104,0.0163,0.076,0.00998,0.0274
